Make,Model,2000,2001,2002,2003,2004,2005,2006,2007,2008,2009,2010,2011,2012,2013,2014,2015,2016,2017,2018,2019,2020,2021,2022,2023,2024,2025,2026
ACURA,CL,,,,,,1,,,,,,,,,,,,,,,,,,,,,
ACURA,ILX,,,,,,,,,,,,,12251,20430,17854,18531,14597,11757,11273,14685,13414,13900,6296,2,,,
ACURA,INTEGRA,,,,,,,,,,,,,,,,,,,,,,,13027,32090,24398,20178,1362
ACURA,Integra,,,,,,,,,,,,,,,,,,,,,,,13027,,,,
ACURA,MDX,,,,,,57948,54121,58606,45978,31178,47210,43270,54437,53040,65703,58208,55495,54886,51512,52019,47816,60057,46425,57599,50112,41460,2986
ACURA,NSX,,,,,,206,58,2,,,,,,,,,269,581,170,238,128,124,298,5,,,
ACURA,RDX,,,,,,,9164,23356,15873,10153,14975,15196,30527,44750,44865,51026,52361,51295,63580,62876,52785,57013,24749,39228,42988,32945,1901
ACURA,RL,,,,,,17572,11501,6262,4447,2043,2027,1096,407,39,,,,,,,,,,,,,
ACURA,RLX,,,,,,,,,,,,,,5014,3413,2195,1478,1237,1931,1019,1054,214,3,,,,
ACURA,RLX/RL,,,,,,,,,,,,,,5053,,,,,,,,,,,,,
ACURA,RSX,,,,,,20809,16996,296,1,,,,,,,,,,,,,,,,,,
ACURA,SLX,198,,,,,,,,,,,,,,,,,,,,,,,,,,
ACURA,TL,,,,,,78218,71348,58095,46475,33620,34049,31237,36783,24318,10616,88,,,,,,,,,,,
ACURA,TLX,,,,,,,,,,,,,,,19127,47080,37156,34846,30468,26548,21785,26100,11508,16731,7378,8030,368
ACURA,TSX,,,,,,34856,38035,33037,31696,28650,32076,30935,32238,17484,6287,35,4,,,,,,,,,,
ACURA,ZDX,,,,,,,,,,79,3259,1564,831,361,78,2,,,,,,,,,7391,12005,15
ALFA ROMEO,4C,,,,,,,,,,,,,,,67,663,492,406,238,145,99,78,1,,,,
ALFA ROMEO,GIULIA,,,,,,,,,,,,,,,,,36,8903,11519,8704,8216,7634,5092,,,,
ALFA ROMEO,STELVIO,,,,,,,,,,,,,,,,,,2721,12043,9444,10282,10539,7752,5338,3162,1874,
ALFA ROMEO,Stelvio,,,,,,,,,,,,,,,,,,2721,12043,9444,10271,10539,7752,,,,
ASTON MARTIN,Unclassified,,,,,,,,,,,,,,,,1020,1032,684,984,1164,1632,1350,1845,,,,
AUDI,A3,,,,,,5389,8040,6354,4759,3874,6558,6561,7205,857,22250,35984,31538,23610,18305,10418,9938,2387,11349,13626,9528,8315,
AUDI,A4,,,,,,48922,49862,45411,43344,37070,34672,35234,37247,38034,33993,29013,34687,34434,34311,26435,18342,16263,15239,13369,7036,508,
AUDI,A4 ALLROAD,,,,,4626,2429,3,,,,,,1283,4096,4686,2818,2300,3240,255,,,,,,,,
AUDI,A4 Allroad quattro,,,,,,,,,,,,,,5386,4686,2818,2300,3240,,,,,,,,,
AUDI,A5,,,,,,,,625,6282,9800,16379,15385,17270,18664,16640,12934,8354,21301,25972,23023,18827,17128,18349,23807,24636,16888,
AUDI,A6,,,,,,,,,,,,,,22428,23941,22850,18686,16304,10561,17807,10535,9544,6003,,,,
AUDI,A6 SPORTBACK E-TRON,,,,,,,,,,,,,,,,,,,,,,505,2893,2757,,399,
AUDI,A7,,,,,,,,,,,,6270,8598,8483,8133,7721,6558,4810,3852,4955,2859,3080,2240,1808,1576,1654,
AUDI,A8,,,,,,5430,5038,3826,2825,1508,1521,5700,6002,6300,5904,4990,4149,3127,1599,2963,2375,2068,1593,2259,1630,1405,
AUDI,ALLROAD QUATTRO,1033,6357,6007,5823,4626,2429,3,,,,,,,,,,,,,,,,,,,,
AUDI,E-TRON,,,,,,,,,,,,,,,,,,,,5369,7202,8278,7503,1525,,,
AUDI,E-TRON GT,,,,,,,,,,,,,,,,,,,,,,1227,2301,3202,4915,1195,
AUDI,Q3,,,,,,,,,,,,,,,3654,13229,20048,20633,16828,14822,27252,34464,23045,20440,30437,23581,
AUDI,Q4 E-TRON,,,,,,,,,,,,,,,,,,,,,,45,2576,8146,8646,5854,
AUDI,Q4 E-TRON SPORTBACK,,,,,,,,,,,,,,,,,,,,,,18,569,2608,2808,884,
AUDI,Q4 e0tron,,,,,,,,,,,,,,,,,,,,,,64,3505,,,,
AUDI,Q5,,,,,,,,,,13790,23518,24908,28671,40355,42420,52005,49550,57640,69978,67516,50435,60299,57053,74143,56799,46215,
AUDI,Q7,,,,,,,10003,20695,13209,7299,7976,8998,11008,15978,18517,18995,30563,38346,37417,34649,25372,25363,17887,26470,20894,18379,
AUDI,Q8,,,,,,,,,,,,,,,,,,,2029,14256,12072,12539,8507,13548,10352,10885,
AUDI,Q8 E-TRON,,,,,,,,,,,,,,,,,,,,,,,,5789,5979,659,
AUDI,Q8 SPORTBACK E-TRON,,,,,,,,,,,,,,,,,,,,,,,,1527,1958,211,
AUDI,R8,,,,,,,,241,900,699,799,1145,802,813,748,495,736,772,927,574,583,648,299,630,322,5,
AUDI,TT,,,,,,2822,954,4355,4486,1935,1531,2236,2226,2053,1166,1167,3044,2294,1289,1324,832,987,461,725,39,,
AUDI,e0tron,,,,,,,,,,,,,,,,,,,,5369,7202,9695,10397,,,,
AUDI,e0tron GT,,,,,,,,,,,,,,,,,,,,,,1226,2275,,,,
BENTLEY,BENTAYGA,,,,,,,,,,,,,,,,,884,1152,155,,,,,,,200,
BENTLEY,CONTINENTAL GT,,,,,,,,,,,,,,,,,609,898,,,,,,,,,
BENTLEY,FLYING SPUR,,,,,,,,,,,,,,,,,211,257,,,,,,,,,
BENTLEY,MULSANNE,,,,,,,,,,,,,,,,,84,98,,,,,,,,,
BENTLEY,Unclassified,,,,,,,,,,,,,,,,2686,2581,2405,2395,1882,1553,3350,3837,,,,
BMW,1 Series,,,,,,,,,,,,,,7220,,,,,,,,,,,,,
BMW,1-SERIES,,,,,,,,,12018,11182,13132,8832,8294,7220,,,,,,,,,,,,,
BMW,1/2 Series,,,,,,,,,,,,,,,7345,13020,,,,,,,,,,,
BMW,2 Series,,,,,,,,,,,,,,,,,15519,11737,9208,8015,14618,15683,11548,,,,
BMW,2-SERIES,,,,,,,,,,,,,,,7345,13020,15519,11737,9208,8015,13209,15684,11551,11619,15385,17537,
BMW,3 Series,,,,,,,,,,,,,,,,94527,70458,59449,44578,47827,41249,49461,30400,,,,
BMW,3-SERIES,,,,,,106950,120180,142488,112464,90060,100910,94471,107705,119521,141632,140609,72290,59449,44578,47827,39290,49458,30400,33816,31329,33030,
BMW,3/4 Series,,,,,,,,,,,,,,119521,142232,,,,,,,,,,,,
BMW,4 Series,,,,,,,,,,,,,,,,46082,35763,39634,31379,18621,9495,22937,28491,,,,
BMW,4-SERIES,,,,,,,,,,,,,,,,,33931,39634,31379,18621,12357,22938,36952,50778,42608,39378,
BMW,5 Series,,,,,,,,,,,,,,56863,52704,44162,32408,40658,43937,38709,26785,24523,20859,,,,
BMW,5-SERIES,,,,,,52722,56756,54141,45915,36473,39487,51491,60840,56863,53704,44162,32408,40658,43937,38709,25515,24523,20857,22400,25317,27105,
BMW,6 Series,,,,,,,,,,,,,,9762,8647,8146,3947,3355,3762,1139,199,55,,,,,
BMW,6-SERIES,,,,,,9934,9322,9033,6533,3550,2418,3903,8737,9762,8647,8146,3950,3355,3762,1139,1960,56,,,1,2,
BMW,7 Series,,,,,,,,,,,,,,10932,9744,9292,12918,9276,8271,8823,6443,7706,5692,,,,
BMW,7-SERIES,,,,,,18165,17796,14777,12276,9254,12253,11299,12221,10932,9744,9292,12918,9276,8271,8823,5985,7705,5974,10810,10715,11393,
BMW,8 Series,,,,,,,,,,,,,,,,,,,223,4410,7737,7760,7311,,,,
BMW,8-SERIES,,,,,,,,,,,,,,,,,,,223,4410,7714,7763,7308,5752,5346,4029,
BMW,I3,,,,,,,,,,,,,,,6092,11024,7625,6276,6120,4853,1502,1476,9,,1,1,
BMW,I8,,,,,,,,,,,,,,,555,2265,1594,488,772,1102,192,21,3,,,,
BMW,IX,,,,,,,,,,,,,,,,,,,,,,,4827,17300,15385,12588,
BMW,X1,,,,,,,,,,,,,8947,26512,22808,14420,27812,30826,29057,17815,14368,18255,7104,21043,27308,27385,
BMW,X2,,,,,,,,,,,,,,,,,,,16154,11293,7368,6563,2641,191,3619,8681,
BMW,X3,,,,,,30869,31291,28058,17622,6047,6075,27793,38004,30623,33824,31924,44196,40691,61351,70110,59777,75858,65800,63172,68799,76542,
BMW,X4,,,,,,,,,,,,,,,2653,6429,4989,5198,4323,8758,7662,10622,9799,9537,9982,5910,
BMW,X5,,,,,,37598,26798,35201,31858,27071,35776,40547,44535,39037,47031,54997,47641,50815,45013,54595,50513,60724,82373,72574,72349,76247,
BMW,X6,,,,,,,,,4548,4787,6257,6192,7251,5530,3952,7906,7117,6780,6862,4240,7291,9590,13675,10077,9482,12001,
BMW,X7,,,,,,,,,,,,,,,,,,,,21574,20579,23046,30706,,,,
BMW,XM,,,,,,,,,,,,,,,,,,,,,,,,1906,1973,1877,
BMW,Z4,,,,,,10045,12284,10097,5879,3523,3804,3479,2996,2480,2151,1829,1187,502,4,2941,2364,2412,1565,1881,2129,2112,
BMW,Z8,,,524,439,110,17,5,,,,,,,,,,,,,,,,,,,,
BMW,i3,,,,,,,,,,,,,,,6092,11024,7625,6276,6117,4854,1703,1476,9,,,,
BMW,i4,,,,,,,,,,,,,,,,,,,,,,,8463,,,,
BMW,i7,,,,,,,,,,,,,,,,,,,,,,,284,,,,
BMW,i8,,,,,,,,,,,,,,,555,2265,1594,488,772,1102,188,18,5,,,,
BMW,iX,,,,,,,,,,,,,,,,,,,,,,,5665,,,,
BUICK,CASCADA,,,,,,,,,,,,,,,,,7153,5595,4628,2535,12,,,,,,
BUICK,CENTURY,,,163739,94279,67264,6504,83,5,,,,,,,,,,,,,,,,,,,
BUICK,Cascada,,,,,,,,,,,,,,,,,7153,5595,4136,2535,12,7,,,,,
BUICK,ENCLAVE,,,,,,,,29286,44706,43150,55426,58392,60870,60534,62300,62081,52028,48564,49648,51156,38479,42340,30532,39412,26398,29753,
BUICK,ENCORE,,,,,,,,,,,,,,31956,48892,67279,78565,88035,93071,102401,44353,20438,13717,5888,126,,
BUICK,ENCORE GX,,,,,,,,,,,,,,,,,,,,,42240,72401,33349,63969,58185,57530,
BUICK,ENVISTA,,,,,,,,,,,,,,,,,,,,,,,,13301,51316,58889,
BUICK,Enclave,,,,,,,,,,,,,,60534,62300,62081,52028,48564,49647,51156,38480,41962,30533,,,,
BUICK,Encore,,,,,,,,,,,,,,31956,48892,67549,78565,88035,93073,102402,41752,20072,13718,,,,
BUICK,Encore GX,,,,,,,,,,,,,,,,,,,,,44841,71247,33348,,,,
BUICK,Envision,,,,,,,,,,,,,,,,,14193,41040,30152,33229,34942,46450,25871,,,,
BUICK,LACROSSE,,,,,,92669,71072,47747,36873,27818,61178,58474,62304,48798,51468,42035,27582,20161,15527,7241,229,9,,,,,
BUICK,LESABRE,,,,,,75369,2313,121,,,,,,,,,,,,,,,,,,,
BUICK,LUCERNE,,,,,,8821,96515,83223,54930,31292,26459,20358,1275,9,,,,,,,,,,,,,
BUICK,LaCrosse,,,,,,,,,,,,,,48798,51468,42035,27582,20161,15527,7241,230,18,,,,,
BUICK,Lucerne,,,,,,,,,,,,,,9,,,,,,,,,,,,,
BUICK,PARK AVENUE,,,30140,26820,17138,2175,51,26,,,,,,,,,,,,,,,,,,,
BUICK,RAINIER,,,,,,20288,11948,5569,544,33,,,,,,,,,,,,,,,,,
BUICK,REGAL,,,,,,602,30,,,,12326,40144,27252,18685,22560,19504,19833,11559,14117,10363,2493,19,,,,,
BUICK,RENDEZVOUS,,,,,,60589,45954,15295,27,9,,,,,,,,,,,,,,,,,
BUICK,Regal,,,,,,,,,,,,,,18685,22560,19504,19833,11559,14118,10363,2484,43,49,,,,
BUICK,TERRAZA,,,,,,20288,11948,5569,544,33,,,,,,,,,,,,,,,,,
BUICK,VERANO,,,,,,,,,,,,261,42730,45527,43743,31886,30277,4277,79,,,,,,,,
BUICK,Verano,,,,,,,,,,,,,,45527,43743,31886,30277,4277,210,3,,,,,,,
CADILLAC,ALLANTE,,,,,,,,,,,,,15049,32559,24335,23112,22171,16275,17729,11306,1200,,,,,,
CADILLAC,ATS,,,,,,,,,,,,,7008,38319,29890,26873,21505,13100,10860,1134,115,17,,,,,
CADILLAC,CATERA,17290,9764,244,208,,,,,,,,,,,,,,,,,,,,,,,
CADILLAC,CT4,,,,,,,,,,,,,,,,,,,,,4888,7254,9270,9144,6208,5618,
CADILLAC,CT5,,,,,,,,,,,,,,,,,,,,43,14712,9448,15896,18592,14861,16561,
CADILLAC,CT6,,,,,,,,,,,,,,,,,9169,10542,9668,7951,3117,174,23,,,,
CADILLAC,CTS,,,,,,61512,54846,57030,58774,38817,45656,55042,51549,32343,31115,19485,15911,10344,11220,6966,611,68,,,,,
CADILLAC,DEVILLE,105694,95354,84927,82076,68195,38661,807,71,,,,,,,,,,,,,,,,,,,
CADILLAC,DTS,,,,,,23322,58224,51469,30479,17330,18640,11589,533,16,,,,,,,,,,,,,
CADILLAC,ELDORADO,13289,9859,5661,193,,,,,,,,,,,,,,,,,,,,,,,
CADILLAC,ELR,,,,,,,,,,,,,,6,1310,1024,534,17,2,,,,,,,,
CADILLAC,ESCALADE,,,,,,29876,39017,36654,23947,16873,16118,15079,13626,12592,19482,21230,23604,22994,36032,35424,24545,40504,40250,41690,41672,55395,
CADILLAC,Escalade,,,,,,,,,,,,,,22514,30522,35921,39092,37694,36872,35424,24547,40505,40247,,,,
CADILLAC,LYRIQ EV,,,,,,,,,,,,,,,,,,,,,,,123,9155,28398,21271,
CADILLAC,Lyriq,,,,,,,,,,,,,,,,,,,,,,,122,,,,
CADILLAC,OPTIQ EV,,,,,,,,,,,,,,,,,,,,,,,123,9155,28398,21271,
CADILLAC,SEVILLE SLS,29535,25290,21494,18747,3386,137,9,,,,,,,,,,,,,,,,,,,,
CADILLAC,SRX,,,,,,22999,22043,22543,16156,20237,51084,56905,62468,56776,53578,68850,22139,156,2,,,,,,,,
CADILLAC,STS,,,,,,33497,25676,20873,14790,6037,4473,3338,197,10,,,,,,,,,,,,,
CADILLAC,VISTIQ EV,,,,,,,,,,,,,,,,,,,,,,,123,9155,28398,21271,
CADILLAC,XLR,,,,,,3730,3203,1750,1250,787,188,13,,,,,,,,,,,,,,,
CADILLAC,XT4,,,,,,,,,,,,,,,,,,,7785,31987,22473,11576,21773,22708,22403,11059,
CADILLAC,XT5,,,,,,,,,,,,,,,,,36462,68312,60566,49878,35224,28378,27340,26808,26432,24701,
CADILLAC,XT6,,,,,,,,,,,,,,,,,,,,11560,22610,20663,20055,19118,20225,17059,
CADILLAC,XTS,,,,,,,,,,,,,15049,32559,24335,23112,22171,16275,17729,11306,1200,132,,,,,
CHEVROLET,ASTRO,,,,,,19215,386,25,,,,,,,,,,,,,,,,,,,
CHEVROLET,AVALANCHE,,,,,,63186,57076,55550,35003,16432,20515,20088,25789,16526,92,8,,,,,,,,,,,
CHEVROLET,AVEO,,,,,,68085,58244,67028,55360,38516,48623,28601,84,2,,,,,,,,,,,,,
CHEVROLET,Avalanche,,,,,,,,,,,,,,16526,92,,,,,,,,,,,,
CHEVROLET,Aveo,,,,,,,,,,,,,,2,,,,,,,,,,,,,
CHEVROLET,BLAZER,225948,149195,95937,53426,32950,4936,114,7,,,,,,,,,,,27,58116,94598,70323,67247,65512,51144,54621,
CHEVROLET,Blazer,,,,,,,,,,,,,,,,,,,,58115,94601,70325,67246,,,,
CHEVROLET,Bolt,,,,,,,,,,,,,,,,,579,23297,18019,16418,20754,22073,11029,,,,
CHEVROLET,Bolt EUV,,,,,,,,,,,,,,,,,,,,,,2755,27091,,,,
CHEVROLET,C/K Suburban,,,,,,,,,,,,,,51260,55009,50866,60082,56516,60633,51928,37636,48214,50951,,,,
CHEVROLET,CAMARO,,,,,,,,,,61648,81299,88249,91314,80294,86297,77502,72705,67940,50963,48266,29777,21893,24652,31029,5860,173,
CHEVROLET,CAPRICE,,,,,,,,,,,,880,3889,3899,3727,1845,1021,693,40,,,,,,,,
CHEVROLET,CAPTIVA SPORT,,,,,,,,,,,,7038,39224,47600,35368,55,2,,,,,,,,,,
CHEVROLET,CAVALIER,236803,233298,238225,256550,195275,18960,355,57,,,,,,,,,,,,,,,,,,,
CHEVROLET,COBALT,,,,,4959,212707,211449,200620,188045,104364,97376,856,13,,,,,,,,,,,,,,
CHEVROLET,COLORADO,,,,,,128359,93876,75716,54346,32413,24642,31026,40372,3412,8003,84430,108725,112996,134842,121703,96236,73008,89197,71082,98013,107867,
CHEVROLET,CORVETTE,,,,,,32489,36518,33685,26971,13934,12624,13164,15059,17291,34839,33329,29995,25079,18789,17988,21627,33042,37510,34354,33331,24533,
CHEVROLET,CRUZE,,,,,,,,,,,516,231732,258185,248224,273060,226602,190876,184751,142618,47975,783,,,,,,
CHEVROLET,Camaro,,,,,,,,,,,,,,80567,86297,77502,72705,67940,50963,48265,29775,21893,24652,,,,
CHEVROLET,Caprice,,,,,,,,,,,,,,3899,3727,1845,1021,693,75,7,,,,,,,
CHEVROLET,Captiva,,,,,,,,,,,,,,47600,35368,55,,,,,,,,,,,
CHEVROLET,City Express,,,,,,,,,,,,,,,530,10283,7019,8348,3531,139,,,,,,,
CHEVROLET,Colorado,,,,,,,,,,,,,,3412,8003,84430,108725,112996,134842,122304,96238,73008,89197,,,,
CHEVROLET,Corvette,,,,,,,,,,,,,,17291,34839,33329,29995,25079,18791,17988,21626,33041,34510,,,,
CHEVROLET,Cruze,,,,,,,,,,,,,,248224,273060,226602,188876,184751,142617,47975,784,57,,,,,
CHEVROLET,EL CAMINO,50206,32331,31611,28519,4223,203,,,,,,,,,,,,,,,,,,,,,
CHEVROLET,EQUINOX,,,,,,130542,113888,89552,67447,86148,149979,193274,236472,238192,242152,277589,242195,290458,332621,346049,270994,165325,212072,212701,207732,299441,
CHEVROLET,EXPRESS,,,,,,128585,123195,114730,86986,54293,59753,71943,81885,79087,79352,63382,68007,69164,66963,77457,55040,44357,52796,40659,44221,58578,
CHEVROLET,Equinox,,,,,,,,,,,,,,238192,242242,277589,242195,290458,332618,346048,270994,165323,212072,,,,
CHEVROLET,Express,,,,,,,,,,,,,,79087,79352,63382,68007,69164,81239,77457,55131,44355,52888,,,,
CHEVROLET,HHR,,,,,,41011,101298,105175,96053,70842,85184,37012,11,3,,,,,,,,,,,,,
CHEVROLET,IMPALA,,,,,,246481,289868,311128,265840,165565,172078,171434,184684,156797,140280,116825,97006,75877,56557,44978,9943,750,,,,,
CHEVROLET,Impala,,,,,,,,,,,,,,156797,140280,116825,97006,75877,56556,44978,9942,750,10,,,,
CHEVROLET,LOVA RV,,,,,,,,,,,,,,,,4544,13714,3541,1488,13,,,,,,,
CHEVROLET,LUMINA,46573,17649,35,15,,,,,,,,,,,,,,,,,,,,,,,
CHEVROLET,MALIBU,,,,,,237065,197966,144096,178964,161574,198800,204808,230938,200594,188519,194854,227881,185857,144542,120302,102652,39376,115468,130341,117319,10024,
CHEVROLET,Malibu,,,,,,,,,,,,,,200594,188519,194854,227881,185857,144542,131917,102651,39376,115467,,,,
CHEVROLET,OPTRA,,,,,16853,12345,6654,4148,76,,,,,,,,,,,,,,,,,,
CHEVROLET,PRIZM,52116,45894,14297,17,5,,,,,,,,,,,,,,,,,,,,,,
CHEVROLET,S10,211587,162181,150992,136573,10014,149,148,34748,25340,13115,2649,,,,,,,,,,,,,,,,
CHEVROLET,SILVERADO,,,,,,705981,636069,618257,465065,316544,370135,415130,450609,480414,529755,600544,574876,585864,585582,575569,593057,529765,520936,555148,560265,587527,
CHEVROLET,SONIC,,,,,,,,,,,,15778,89147,85376,93518,64775,55255,30290,20613,13970,13007,1581,12,,,,
CHEVROLET,SPARK,,,,,,,,,,,,,12385,34130,39159,32853,35511,22589,23603,31280,33480,24460,13708,149,,,
CHEVROLET,SS,,,,,,,,,,,,,,418,2479,2895,3013,4055,46,2,,,,,,,
CHEVROLET,SSR,,,,,,8107,3803,244,2,,,,,,,,,,,,,,,,,,
CHEVROLET,SUBURBAN,,,,,,87011,77211,83673,54058,41055,45153,49427,51420,51260,55009,51166,60082,56516,60633,51928,33644,85159,50951,52822,44400,58683,
CHEVROLET,SUV0C Total,,,,,,,,,,,,,,285795,277610,277644,242195,290458,332618,346048,305284,258239,300051,,,,
CHEVROLET,Silverado,,,,,,,,,,,,,,480414,529755,600544,574876,585864,585581,570639,586675,519774,513354,,,,
CHEVROLET,Sonic,,,,,,,,,,,,,,85646,93518,64775,55255,30290,20613,13971,13007,1581,6,,,,
CHEVROLET,Spark,,,,,,,,,,,,,,34130,39159,32853,35511,22589,23602,31281,33478,24459,13710,,,,
CHEVROLET,TACUMA,2986,12049,11423,10191,10684,11398,8484,5853,3330,509,,,,,,,,,,,,,,,,,
CHEVROLET,TAHOE,,,,,,152305,161491,146256,91578,73254,75675,80527,73116,83502,97726,88342,103306,98961,104152,101189,88237,106019,105754,110326,105148,114201,
CHEVROLET,TRAILBLAZER,,,,,,244150,174797,134626,75878,8829,218,33,,,,,,,,,34292,90163,60888,111014,104400,101358,
CHEVROLET,TRAVERSE,,,,,,,,,9456,91074,106744,107131,93572,96467,103943,119945,116701,123506,146264,147122,125546,116251,96964,116136,105835,148278,
CHEVROLET,TRAX,,,,,,,,,,,,,,,739,63030,79016,79289,89917,116817,106299,42590,26598,109383,200688,203341,
CHEVROLET,Tahoe,,,,,,,,,,,,,,83502,97726,88342,103306,98961,104153,101189,88238,106030,105756,,,,
CHEVROLET,Trailblazer,,,,,,,,,,,,,,,,,,,,,34290,90161,60888,,,,
CHEVROLET,Traverse,,,,,,,,,,,,,,96467,103943,119945,116701,123506,146534,147122,125546,116250,96965,,,,
CHEVROLET,Trax (Tracker),,,,,,,,,,,,,,,739,63030,79016,79289,89916,116816,106299,42590,26597,,,,
CHEVROLET,UPLANDER AND VENTURE,,,,,,80009,58895,69910,40456,1778,76,,,,,,,,,,,,,,,,
CHEVROLET,VOLT,,,,,,,,,,,,7671,24384,23094,18805,15393,24739,20349,18306,4911,68,,,,,,
CHEVROLET,Volt,,,,,,,,,,,,,,23094,18805,15393,24739,20349,18306,4910,71,16,,,,,
CHRYSLER,200,,,,,,,,,,,,86987,135193,122480,117363,177889,62185,18457,1043,48,9,15,3,3,,,
CHRYSLER,200 Series,,,,,,,,,,,,,,122480,117363,177889,57294,18457,1043,48,9,15,2,,,,
CHRYSLER,300,,,,,,144048,143647,120636,62352,38606,37116,36285,78417,57724,53382,53109,53058,51237,46593,29214,16473,16662,14087,13169,5297,574,
CHRYSLER,300 series,,,,,,,,,,,,,,57724,53382,53109,53241,51237,46593,29213,16653,16662,14087,,,,
CHRYSLER,ASPEN,,,,,,,7656,28788,22254,5996,30,,,,,,,,,,,,,,,,
CHRYSLER,CONCORDE,50206,32331,31611,28519,4223,210,,,,,,,,,,,,,,,,,,,,,
CHRYSLER,CROSSFIRE,,,,,,14665,8216,8774,2021,499,,,,,,,,,,,,,,,,,
CHRYSLER,LHS,20982,8852,552,,,,,,,,,,,,,,,,,,,,,,,,
CHRYSLER,N/A (Class 5),,,,,,,,,,,,,,10901,14401,15812,15737,17203,15934,16467,15795,24930,20139,,,,
CHRYSLER,PACIFICA,,,,,,85557,78243,53947,7345,1955,,,,,,,61525,118274,118322,97706,84113,74970,98624,120665,109339,110006,
CHRYSLER,PROWLER,2631,2187,1328,516,,,,,,,,,,,,,,,,,,,,,,,
CHRYSLER,PT CRUISER,,,,,,132159,138650,99585,50910,17941,9440,1328,,,,,,,1,,,,,,,,
CHRYSLER,Pacifica,,,,,,,,,,,,,,,,,62366,118274,118322,97705,93802,98323,98624,,,,
CHRYSLER,SEBRING,62616,118459,112367,100109,104094,84015,69357,93130,71663,27460,39585,2426,,,,,,,,,,,,,,,
CHRYSLER,TOWN & COUNTRY,,,,,,180759,159105,138151,117663,84558,112275,94320,121365,122288,138040,93848,62724,577,5,4,9690,23355,,2,,,
CHRYSLER,Town & Country,,,,,,,,,,,,,,122288,138040,93848,59071,577,6,5,,4,,,,,
CHRYSLER,VOYAGER,97218,45445,37392,1093,1834,,,,,,,,,,,,,,,,,,,,10050,15793,
DODGE,AVENGER,,,,,,,,84404,61963,38922,50989,64023,103460,93242,51705,1268,3,14,4,1,,,,,,,
DODGE,Avenger,,,,,,,,,,,,,,93842,51705,1268,45,14,4,1,,,2,,,,
DODGE,CALIBER,,,,,,,92224,101079,84158,36098,45082,35049,12023,45,,,,,,,,,,,,,
DODGE,CHALLENGER,,,,,,,,,17423,25852,36791,39534,46788,51462,51611,66365,64478,64537,66716,60997,52955,54315,55245,44961,27054,1801,
DODGE,Caliber,,,,,,,,,,,,,,45,,,,,,,,,,,,,
DODGE,Caravan,,,,,,,,,,,,,,124019,134152,97141,127678,125196,151927,122648,38767,3037,27,,,,
DODGE,Challenger,,,,,,,,,,,,,,51462,51611,66365,64433,64537,66716,60997,52955,54314,55060,,,,
DODGE,Charger,,,,,,,,,,,,,,98336,94099,94725,95437,88351,80226,96935,77425,78389,80074,,,,
DODGE,DAKOTA,177395,154479,130712,111273,105614,104051,76098,50902,26044,10680,13047,12156,629,,,,,,,,,,,,,,
DODGE,DART,,,,,,,,,,,,,25303,83388,83858,87392,44050,10082,389,16,5,10,5,3,,6,
DODGE,DURANGO,,,,,,115439,70606,45503,21420,3521,572,51697,46024,60727,64398,64186,68691,68761,65947,67598,57828,65936,55510,69195,59358,81167,
DODGE,Dart,,,,,,,,,,,,,,83388,83858,87392,43402,10082,389,15,7,10,4,,,,
DODGE,Durango,,,,,,,,,,,,,,60727,64398,64186,68474,68761,65947,67599,57828,65935,55433,,,,
DODGE,GRAND CARAVAN,,,,,,226771,211140,176150,123749,90666,103313,110962,154136,124019,134152,97141,125375,125196,151927,122648,38765,3037,27,25,2,,
DODGE,HORNET,,,,,,,,,,,,,,,,,,,,,,,,9314,20559,9367,
DODGE,INTREPID,,,,,,285,,,,,,,,,,,,,,,,,,,,,
DODGE,JOURNEY,,,,,,,,,47097,53826,48577,55155,85811,83933,93572,105400,106223,89470,94096,74687,40341,14034,194,34,,13,
DODGE,Journey,,,,,,,,,,,,,,83933,93572,105400,106759,89470,94096,74686,40342,14035,194,,,,
DODGE,MAGNUM,,,,,,52487,40095,30166,6912,113,,,,,,,,,,,,,,,,,
DODGE,NEON,,,,,,113332,17239,,,,,,,,,,,,,,,,,,,,
DODGE,NITRO,,,,,,,16990,74825,36368,17443,22618,24434,4200,,,,,,,,,,,,,,
DODGE,RAM/RAM PICKUP,,,,,,400543,364177,358295,245840,177268,199652,244763,312958,355673,439789,451116,487558,500723,536980,633694,563676,569389,468344,444927,373118,374060,
DODGE,VIPER,,,,,,1652,1455,435,1172,482,392,197,20,591,760,676,626,585,19,5,6,6,1,2,,,
DODGE,Viper,,,,,,,,,,,,,,591,760,676,630,585,19,5,4,4,1,,,,
FERRARI,296,,,,,,,,,,,,,,,,,,,,,,,41,,,,
FERRARI,SF90 Spider,,,,,,,,,,,,,,,,,,,,,,,166,,,,
FERRARI,SF90 Stradale,,,,,,,,,,,,,,,,,,,,,8,378,254,,,,
FERRARI,Unclassified,,,,,,,,,,,,,,,,2258,2398,2517,2488,2587,2020,,,,,,
FIAT,124 Spider,,,,,,,,,,,,,,,,,2475,4478,3515,2644,1729,952,24,,,,
FIAT,500,,,,,,,,,,,,14825,46999,36375,33705,25084,15587,12685,5370,3267,674,51,340,16,970,1141,
FIAT,500L,,,,,,,,,,,,,,6861,12413,7863,3116,1664,1413,772,475,188,89,6,,2,
FIAT,500X,,,,,,,,,,,,,,,,9463,12599,7665,5223,2519,1444,1180,463,552,560,178,
FORD,BRONCO,,,,,,,,,,,,,,,,,,,,,5120,108169,99547,127476,138150,134493,10641
FORD,Bronco,,,,,,,,,,,,,,,,,,,,,,35023,117057,,,,
FORD,Bronco Sport,,,,,,,,,,,,,,,,,,,,,5120,108169,99547,,,,
FORD,C-MAX,,,,,,,,,,,,,13309,35210,27595,21768,19834,18390,6683,49,,,,,,,
FORD,C0MAX,,,,,,,,,,,,,,35210,27595,21768,19834,18390,6683,38,,,,,,,
FORD,CROWN VICTORIA,,,,,,63939,62976,60901,48557,33255,33722,46725,4977,,,,,,,,,,,,,,
FORD,Crown Victoria,,,,,,,,,,,,,,10897,10234,9765,9472,7994,,,,,,,,,
FORD,E-SERIES,,,,,,148738,148043,136749,97919,64787,84459,91305,106187,102705,88896,50541,54245,53304,47936,45063,37001,37122,32150,42957,43563,40968,3354
FORD,E0Series,,,,,,,,,,,,,,125356,103263,50788,54245,53304,47936,45063,37001,37122,32150,,,,
FORD,ECOSPORT,,,,,,,,,,,,,,,,,,,54348,60599,60544,40659,29193,2508,,,
FORD,EDGE,,,,,,,2201,130125,110798,88548,118637,121702,138504,129109,108864,124120,134588,142603,134122,138514,108886,85225,85465,106098,70417,3717,
FORD,ESCAPE,,,,,,165122,157395,165596,156544,173044,191026,254293,279674,295993,306209,306492,307069,308296,272228,241387,178495,145415,137370,140968,157331,139396,3418
FORD,ESCORT,110736,90503,51857,25473,1210,,,,,,,,,,,,,,,,,,,,,,
FORD,EXCURSION,,,,,,16283,965,,,,,,,,,,,,,,,,,,,,
FORD,EXPEDITION,,,,,,114137,87203,90287,55123,31655,37336,40498,41112,38260,44632,41443,59835,51883,54661,86423,77838,81988,62007,73396,83018,85921,5269
FORD,EXPLORER,,,,,,239788,179229,137817,78439,52190,60687,135704,174647,192397,209994,249251,248507,271131,261571,187061,226215,219871,207763,186769,206981,222706,17655
FORD,EcoSport,,,,,,,,,,,,,,,,,,,54348,64708,60545,40659,29193,,,,
FORD,Edge,,,,,,,,,,,,,,129109,108864,124120,134588,142603,134122,138515,108886,85225,85465,,,,
FORD,Escape,,,,,,,,,,,,,,295993,306212,306492,307069,308296,272228,241388,178496,145415,137370,,,,
FORD,Expedition,,,,,,,,,,,,,,38350,44632,41443,59835,51883,54661,86422,77838,81988,62007,,,,
FORD,Explorer,,,,,,,,,,,,,,192397,209994,249251,248507,271131,261571,187061,226217,219871,207673,,,,
FORD,F-SERIES,,,,,,901463,796039,691589,515513,413625,528349,584917,692589,764402,753851,780354,820799,896764,909330,896526,787372,726003,653957,750789,834641,828842,47981
FORD,F0Series,,,,,,,,,,,,,,763402,753851,780354,820799,896764,909330,896526,787422,726004,653957,,,,
FORD,FIESTA,,,,,,,,,,,23273,68374,62293,71073,63192,64458,48807,46249,51730,60148,3354,,,,,,
FORD,FIVE HUNDRED / TAURUS,,,,,14106,108832,84218,35146,52667,45617,68859,63526,74375,79960,62629,48816,44098,41236,36088,13351,,,,,,,
FORD,FLEX,,,,,,,,,14457,38717,34227,27608,30236,25953,23822,19570,22588,22389,20308,24485,4849,,,,,,
FORD,FUSION,,,,,,16983,142502,149552,147569,180581,219219,248067,263036,295280,306860,300170,265840,209623,173600,166045,110665,11781,,,,,
FORD,Fiesta,,,,,,,,,,,,,,71073,63192,64458,48807,46249,51730,60148,3354,,,,,,
FORD,Flex,,,,,,,,,,,,,,25953,23822,19570,22668,22389,20308,24484,4848,,,,,,
FORD,Focus,,,,,,,,,,,,,,234570,219634,202478,168789,158385,113345,12480,,,,,,,
FORD,Fusion,,,,,,,,,,,,,,295280,306860,300170,265840,209623,173600,166045,110665,11781,,,,,
FORD,GT,,,,,,1302,1919,231,,,,,,,,,,89,126,698,125,143,89,31,,,
FORD,MAVERICK,,,,,,,,,,,,,,,,,,,,,,13258,74370,94058,157345,155051,9985
FORD,MUSTANG,,,,,,160975,166530,134626,91251,66623,73716,70438,90706,77186,82635,122349,105932,81866,75842,72489,61090,52384,47566,53159,47212,45333,3609
FORD,MUSTANG MACH E,,,,,,,,,,,,,,,,,,,,,3,27140,39458,40771,56337,51620,1040
FORD,Maverick,,,,,,,,,,,,,,,,,,,,,,13258,74370,,,,
FORD,Mustang,,,,,,,,,,,,,,77186,82635,122349,105932,81866,75842,72489,61090,52414,47566,,,,
FORD,Mustang Mach0E,,,,,,,,,,,,,,,,,,,,,3,27140,39458,,,,
FORD,RANGER,,,,,,120958,92420,72711,65872,55600,55364,70832,23848,,,,,,,83571,101485,94755,56987,32334,51591,70960,5671
FORD,Ranger,,,,,,,,,,,,,,,,,,,,89571,101486,94755,57005,,,,
FORD,THUNDERBIRD,,,,,,9548,469,,,,,,,,,,,,,,,,,,,,
FORD,TRANSIT,,,,,,,,,,,,,,,20448,117577,143244,127360,137794,153867,131557,99745,99382,129009,164373,161797,8159
FORD,TRANSIT CONNECT,,,,,,,,,,8834,27405,31914,37521,39703,43210,52221,43232,34473,31923,41597,34596,26112,25140,18050,9152,,
FORD,Taurus,,,,,,,,,,,,,,69063,52395,39051,34626,33242,36088,13351,,,,,,,
FORD,Transit,,,,,,,,,,,,,,,20448,117577,143244,127360,137794,153868,131556,99745,99382,,,,
FORD,Transit Connect,,,,,,,,,,,,,,39703,43210,52221,43232,34473,31923,41598,34596,26112,25140,,,,
FORD,WINDSTAR,222298,179595,148875,113465,2806,,,,,,,,,,,,,,,,,,,,,,
GENESIS,G70,,,,,,,,,,,,,,,,,,,358,11903,9436,10718,12649,13246,12258,11127,676
GENESIS,G80,,,,,,,,,,,,,,,,,6166,16214,7446,7095,3359,6031,4125,5340,4155,3849,245
GENESIS,GV60,,,,,,,,,,,,,,,,,,,,,,,1590,3400,2866,1850,11
GENESIS,GV70,,,,,,,,,,,,,,,,,,,,,,10735,19141,25827,29920,35357,2220
GENESIS,GV80,,,,,,,,,,,,,,,,,,,,,1517,20325,17521,19697,22980,25646,1945
GMC,ACADIA,,,,,,,480,72765,66440,53820,68295,79288,84910,89793,83972,96393,88466,111276,88622,99430,72538,59913,53025,66322,49177,55221,
GMC,Acadia,,,,,,,,,,,,,,89793,83972,96393,88466,111276,88621,99429,72537,59913,53014,,,,
GMC,CANYON,,,,,,34845,23979,20888,14974,10107,7992,9590,9799,929,3070,30077,37449,31306,33493,32826,25191,24125,27821,22458,38486,36477,
GMC,Canyon,,,,,,,,,,,,,,929,3070,30077,37449,32106,33492,32825,25190,24125,27819,,,,
GMC,ENVOY,,,,,,107862,74452,48586,23876,4857,84,5,,,,,,,,,,,,,,,
GMC,Hummer Pickup,,,,,,,,,,,,,,,,,,,,,,1,854,,,,
GMC,JIMMY,79489,30825,964,,,,,,,,,,,,,,,,,,,,,,,,
GMC,Pickup Truck Total,,,,,,,,,,,,,,185318,214903,254216,259129,250049,253046,265148,278206,273050,270195,,,,
GMC,SAFARI,32444,18533,13665,1095,8345,3436,56,13,,,,,,,,,,,,,,,,,,,
GMC,SAVANA,,,,,,34765,29973,25706,22437,12164,13942,17268,22776,16705,26641,21992,20607,29679,19685,24227,15108,36008,25569,21788,42541,20679,
GMC,SIERRA,,,,,,229488,210736,208243,168544,111842,129794,149170,168491,184389,211833,224139,221680,217943,219554,232325,253014,248923,241521,295738,298698,356218,
GMC,SONOMA,51093,42062,41100,35040,3303,65,,,,,,,,,,,,,,,,,,,,,
GMC,Savana,,,,,,,,,,,,,,16705,26641,21992,20607,29679,19684,24226,15108,17744,25569,,,,
GMC,Sierra,,,,,,,,,,,,,,184389,211833,224139,221680,217943,219554,232323,253016,248924,241522,,,,
GMC,TERRAIN,,,,,,,,,,14033,60519,83179,105872,98625,105016,112030,87925,85441,114311,101470,86020,47488,86568,71856,82099,74975,
GMC,Terrain,,,,,,,,,,,,,,99525,105016,112030,87925,85441,114314,101470,86020,47488,86567,,,,
GMC,YUKON,,,,,,73458,71476,63428,39064,29411,28781,34250,29943,28302,41569,42732,53447,49183,74678,74672,63442,84243,82305,82270,87402,93036,
GMC,Yukon,,,,,,,,,,,,,,28302,41569,42732,53447,49183,46190,42510,40965,51365,48220,,,,
GMC,Yukon XL,,,,,,,,,,,,,,31258,29752,31334,37054,35059,34594,32163,22475,32877,34084,,,,
HONDA,ACCORD,,,,,,376293,354441,382231,368161,290056,311381,252304,353204,366678,388435,355557,345135,322655,291071,267567,199458,202676,154612,197947,162723,150196,12739
HONDA,Accord,,,,,,,,,,,,,,366678,388374,355557,345225,322655,291071,267567,199458,202676,154612,,,,
HONDA,CIVIC,,,,,,308415,316638,331095,335126,259722,260218,221235,344996,336181,326081,335384,366927,377286,325760,325650,261225,263787,133932,200381,242005,238661,16563
HONDA,CLARITY,,,,,,6,6,,2,5,15,1,5,6,1,2,8,2455,20174,11654,3664,2597,208,,,,
HONDA,CR-V,,,,,,150219,170028,219160,198505,191214,208963,229703,311069,308454,338581,348720,359673,378600,379021,384168,323502,361271,238155,361457,402791,403768,27019
HONDA,CR-Z,,,,,,,,,,,,,,,,,,,30,2,552,,,,,,
HONDA,CR0V,,,,,,,,,,,,,,303904,335019,345647,357335,377895,379013,384168,333502,361271,238155,,,,
HONDA,CR0Z,,,,,,,,,,,,,,4550,3562,3073,2338,705,38,2,1,,,,,,
HONDA,CROSSTOUR,,,,,,,,,,,,1295,21918,16847,11802,9104,726,5,,,,,,,,,
HONDA,Civic,,,,,,,,,,,,,,336180,325981,335384,366927,377286,325760,325650,261225,263787,133932,,,,
HONDA,Clarity Electric,,,,,,,,,,,,,,,,,,1121,948,576,45,1,,,,,
HONDA,Clarity Fuel Cell,,,,,,,,,,,,,,,,,8,432,624,320,230,282,205,,,,
HONDA,Clarity Plug In,,,,,,,,,,,,,,,,,,903,18602,10758,3940,2314,3,,,,
HONDA,Crosstour,,,,,,,,,,,,,,16847,11802,9104,726,5,,,,,,,,,
HONDA,ELEMENT,,,,,,56262,51829,35218,26640,14884,14247,11534,3,2,,,,,,,,,,,,,
HONDA,EV PLUS,2,,,,,,,,,,,,,,,,,,,,,,,,,,
HONDA,FCX Clarity,,,,,,,,,,,,,,10,2,2,,,,,,,,,,,
HONDA,FIT,,,,,,,27934,56432,79956,67315,54354,59235,53573,53513,59340,52724,56630,47647,35030,35414,32488,8695,,,,,
HONDA,Fit (Jazz),,,,,,,,,,,,,,53513,59340,52724,56630,49454,35300,35414,32488,8695,,,,,
HONDA,HR-V,,,,,,,,,,,,,,,,41969,82041,93764,85494,99104,84027,137090,115416,122206,151468,148771,9488
HONDA,HR0V,,,,,,,,,,,,,,,,41969,82041,94034,85494,99104,84027,137090,115416,,,,
HONDA,Honda Pilot,,,,,,,,,,,,,,126678,108857,136212,120772,127279,159615,135008,123813,143062,99567,,,,
HONDA,INSIGHT,,,,,,666,722,3,,20572,20962,15549,6619,4802,3965,1458,67,3,12513,23686,15932,18685,7628,1,,,
HONDA,Insight,,,,,,,,,,,,,,4802,3965,1458,67,3,12510,23686,15932,19431,7628,,,,
HONDA,ODYSSEY,,,,,,174275,177919,173046,135169,100133,108182,107068,135006,128987,122738,127736,120846,100307,106327,99113,83409,76125,47615,71511,80293,88462,5334
HONDA,Odyssey,,,,,,,,,,,,,,128987,122738,127736,120846,100307,106327,99113,83409,76125,47615,,,,
HONDA,PASSPORT,21892,17448,3524,70,,,,,,,,,,,,,,,,36285,39567,53133,41306,40789,32527,55231,4320
HONDA,PRELUDE,,,1966,10,,,,,,,,,,,,,,,,,,,,,,204,216
HONDA,Passport,,,,,,,,,,,,,,,,,,,,36085,39567,53133,41306,,,,
HONDA,RIDGELINE,,,,,,42593,50193,42795,33417,16464,16142,9759,15438,17723,13389,520,23668,34749,30592,33334,32168,41355,42762,52001,45421,48448,3625
HONDA,Ridgeline,,,,,,,,,,,,,,17723,13389,520,23667,34749,30592,33334,32168,41355,42762,,,,
HONDA,S2000,,,,,,7780,6271,4302,2502,795,85,5,,2,,,,,,,,,,,,,
HUMMER,EV PICKUP,,,,,,,,,,,,,,,,,,,,,,,854,3260,13994,17448,
HUMMER,H1,,,,,,374,365,125,20,,,,,,,,,,,,,,,,,,
HUMMER,H2,,,18861,34529,28898,23213,17107,12431,5995,1513,129,,,,,,,,,,,,,,,,
HUMMER,H3,,,,,,32181,54052,43430,24002,7533,3683,,,,,,,,,,,,,,,,
HYUNDAI,AZERA,,,,,,17645,26833,21948,14461,3808,3051,1707,8444,11221,7232,5539,4942,3060,629,,,,,,,,
HYUNDAI,Accent (Verna),,,,,,,,,,,,,,60458,63309,61486,79766,58955,29090,25628,15975,19614,17823,,,,
HYUNDAI,Avante (Elantra),,,,,,,,,,,,,,247912,222023,241706,208319,198210,200415,175094,105475,124422,117177,,,,
HYUNDAI,Azera,,,,,,,,,,,,,,11221,7232,5539,4942,3060,628,,,,,,,,
HYUNDAI,ELANTRA,,,,,,116336,98853,85724,94720,103269,132246,186361,215854,247912,222023,241706,208319,198210,200415,175094,105475,127360,117177,134149,136698,137811,9091
HYUNDAI,ENTOURAGE,,,,,,,12206,17155,8470,3435,,,,,,,,,,,,,,,,,
HYUNDAI,EQUUS,,,,,,,,,,,,3193,4256,3578,3415,2332,1361,19,,,,,,,,,
HYUNDAI,Equus,,,,,,,,,,,,,,3578,3415,2332,1361,20,,,,,,,,,
HYUNDAI,GENESIS,,,,,,,,,6167,21889,29121,32998,36485,32330,29992,31374,23230,1134,,,,,,,,,
HYUNDAI,Hyundai Genesis,,,,,,,,,,,,,,32330,29992,31374,23230,1152,1,,,,,,,,
HYUNDAI,IONIQ 5,,,,,,,,,,,,,,,,,,,,,,153,22982,33918,44400,47039,2126
HYUNDAI,IONIQ 6,,,,,,,,,,,,,,,,,,,,,,,,12999,12264,9989,344
HYUNDAI,Ioniq,,,,,,,,,,,,,,,,,,11197,15076,19574,13570,19885,3672,,,,
HYUNDAI,KONA,,,,,,,,,,,,,,,,,,,47090,73326,76253,89607,63994,79116,82172,69031,5321
HYUNDAI,Kona,,,,,,,,,,,,,,,,,,,47090,73326,76253,90069,63994,,,,
HYUNDAI,NEXO,,,,,,,,,,,,,,,,,,,8,267,208,421,408,241,93,5,
HYUNDAI,Nexo,,,,,,,,,,,,,,,,,,,8,267,208,430,408,,,,
HYUNDAI,PALISADE,,,,,,,,,,,,,,,,,,,,28736,81905,86282,82688,89509,110055,114015,8604
HYUNDAI,Palisade,,,,,,,,,,,,,,,,,,,,28736,81905,86539,82688,,,,
HYUNDAI,SANTA CRUZ,,,,,,,,,,,,,,,,,,,,,,9634,36480,36675,32033,23962,1212
HYUNDAI,SANTA FE,,,,,,68006,63931,92421,70994,80343,76680,74491,74880,88844,107906,118134,131265,133171,117038,127373,101513,112705,115226,131574,113343,128400,9011
HYUNDAI,SONATA,,,,,,130365,149513,145568,117357,120028,196623,225961,230605,203648,216936,213303,199408,131803,105118,87466,76997,83434,52140,40655,61701,56076,3140
HYUNDAI,Santa Cruz,,,,,,,,,,,,,,,,,,,,,,10042,36480,,,,
HYUNDAI,Santa Fe,,,,,,,,,,,,,,88844,107906,118134,131257,133171,117038,127373,101513,112071,119589,,,,
HYUNDAI,Sonata,,,,,,,,,,,,,,203648,216936,213303,199416,131803,105118,87466,76997,93142,55131,,,,
HYUNDAI,TIBURON,,,,,,20600,17382,14073,9111,8587,,,,,,,,,,,,15744,,,,,
HYUNDAI,TUCSON,,,,,,61048,52067,41476,19027,15411,39594,47232,52614,41906,47306,63591,89713,114735,153792,137381,123657,140721,175307,209624,206126,234230,14428
HYUNDAI,Tucson (ix35),,,,,,,,,,,,,,41906,47306,63591,89713,114735,142299,137381,123657,150949,175307,,,,
HYUNDAI,VELOSTER,,,,,,,,,,,,9284,38102,30811,27598,24245,30053,12658,10871,12849,6785,1942,1920,6,,,
HYUNDAI,VENUE,,,,,,,,,,,,,,,,,,,,1077,17587,20669,27094,28009,24607,27746,1767
HYUNDAI,VERACRUZ,,,,,,,,12589,11004,10210,8741,9146,8683,175,1,,,,,,,,,,,,
HYUNDAI,Veloster,,,,,,,,,,,,,,30711,27598,24245,30053,12658,10871,12849,7591,2112,1920,,,,
HYUNDAI,Venue,,,,,,,,,,,,,,,,,,,,1077,19125,28653,27094,,,,
HYUNDAI,Veracruz (ix55),,,,,,,,,,,,,,175,1,,,,,,,,,,,,
INFINITI,EX,,,,,,,,305,12964,7950,8312,6030,3809,2164,2727,188,,,,,,,,,,,
INFINITI,FX,,,,,,28786,22653,20723,12670,11024,10420,9939,11532,6380,5213,557,,,,,,,,,,,
INFINITI,G,,,34775,64730,71177,68728,60741,71809,64181,47174,58143,58246,59844,36517,,,,,,,,,,,,,
INFINITI,G20,13095,11512,5758,11,,,,,,,,,,,,,,,,,,,,,,,
INFINITI,G35 AND Q40,,,,,,68728,60741,71809,64181,47174,58143,58246,65349,40062,23330,1495,,,,,,,,,,,
INFINITI,J30,1,,,,,,,,,,,,,,,,,,,,,,,,,,
INFINITI,M,,,,,,24000,25658,21885,15618,8501,14618,10818,10280,5283,5034,627,,,,,,,,,,,
INFINITI,Q40,,,,,,,,2,,,41553,43759,46828,30256,15590,11059,4029,10751,612,,,,,,,,
INFINITI,Q45,4178,5726,3717,2440,1972,1129,393,22,,,,,,,,,,,,,,,,,,,
INFINITI,Q50,,,,,,,,,,,,,,17816,36899,43874,44007,40739,34763,25987,16533,13894,4780,6201,5429,529,
INFINITI,Q60,,,,,,,,,,,,,,,,,,,8405,5043,2793,2729,1846,1681,53,,
INFINITI,Q60 (G Coupe),,,,,,,,,,,,,,9806,7740,3949,3970,10751,9017,5043,2792,2728,1847,,,,
INFINITI,Q70,,,,,,,,,,,,,,,,7822,5872,5772,4479,2552,139,,,,,,
INFINITI,Q70 (M),,,,,,,,,,,,,,,5034,8449,5872,5772,4479,2552,139,,1,,,,
INFINITI,QX30,,,,,,,,,,,,,,,,,2259,14093,8101,3229,148,1,,,,,
INFINITI,QX4,21545,18735,16938,4991,10,3,4,,,,,,,,,,,,,,,,,,,,
INFINITI,QX50,,,,,,,,,,,,,,,,5280,16973,16857,25389,18616,20885,19196,11105,9940,10722,5902,
INFINITI,QX50 (EX),,,,,,,,,,,,,,2164,2727,5468,16973,16857,25389,18616,20885,19195,11105,,,,
INFINITI,QX55,,,,,,,,,,,,,,,,,,,,,,4333,5107,5417,3720,2288,
INFINITI,QX56,,,,,,14711,11694,12288,7657,6440,11918,13427,16472,13148,12935,1248,,,,,,,,,,,
INFINITI,QX60,,,,,,,,,,,,,,,,39193,42120,40444,47370,43162,22879,5830,16574,29381,27808,30537,
INFINITI,QX60 (JX),,,,,,,,,,,,,,31602,31192,41770,42120,40444,47370,43162,22880,5829,16573,,,,
INFINITI,QX70,,,,,,,,,,,,,,,,5180,6261,6878,954,6,,,,,,,
INFINITI,QX70 (FX),,,,,,,,,,,,,,6380,5213,5737,6261,6878,954,6,,,,,,,
INFINITI,QX80,,,,,,,,,,,,,,,,14398,16772,17881,19207,19113,16125,12573,7204,12696,10337,13590,
INFINITI,QX80 (QX56),,,,,,,,,,,,,,13148,12935,15646,16772,17881,19207,19113,16125,12572,7206,,,,
ISUZU,ASCENDER,,,,,,7585,4857,2948,1755,288,,,,,,,,,,,,,,,,,
ISUZU,AXIOM,,,,,,1319,124,8,3,,,,,,,,,,,,,,,,,,
ISUZU,RODEO,,,,,,2373,129,4,1,,,,,,,,,,,,,,,,,,
ISUZU,RODEO SPORT,,,,,,7,,,,,,,,,,,,,,,,,,,,,
JAGUAR,E-PACE,,,,,,,,,,,,,,,,,,,5985,4782,3696,2904,1059,528,355,369,
JAGUAR,E0Pace,,,,,,,,,,,,,,,,,,,4479,4782,3412,2363,726,,,,
JAGUAR,F-PACE,,,,,,,,,,,,,,,,,10016,19238,12997,15491,10891,9237,5979,5258,6010,2646,
JAGUAR,F-TYPE,,,,,,,,,,,,,,2250,4112,4659,4069,4108,2268,2279,1701,2112,1366,1119,1156,261,
JAGUAR,F0Pace,,,,,,,,,,,,,,,,,10016,18946,14752,15491,8281,7664,6632,,,,
JAGUAR,F0Type,,,,,,,,,,,,,,2250,4112,4629,4069,4108,2268,2279,1595,1753,1290,,,,
JAGUAR,I-PACE,,,,,,,,,,,,,,,,,,,393,2594,1946,1415,439,509,2886,1651,
JAGUAR,I0Pace,,,,,,,,,,,,,,,,,,,393,2594,1658,1020,306,,,,
JAGUAR,S-TYPE,,,,,,8897,5875,3524,817,18,,,,,,,,,,,,,,,,,
JAGUAR,X-TYPE,,,,,,10941,5214,3198,410,5,,,,,,,,,,,,,,,,,
JAGUAR,XE,,,,,,,,,,,,,,,,,6656,9278,4704,3551,1686,270,10,,,,
JAGUAR,XF,,,,,,,,,5270,7445,6925,5372,6007,7922,5880,5933,6665,4541,2208,1236,748,1183,809,934,1156,637,
JAGUAR,XJ,,,,,,8304,5027,4474,1514,884,4278,5481,5183,5434,4329,3611,3834,2721,1579,1072,1118,28,6,,,,
JAGUAR,XJ Series,,,,,,,,,,,,,,5434,4329,3611,3834,2721,1579,1167,908,15,,,,,
JAGUAR,XK,,,,,,2282,4567,4487,2614,2028,2137,1842,1843,1346,1452,293,3,,,,,,,,,,
JEEP,CHEROKEE,,,,,,,,,,,,,,25786,178409,220260,201420,169882,239437,191397,135854,89126,40322,24610,2838,526,
JEEP,CHEROKEE XJ,141457,74490,,,,,,,,,,,,,,,,,,,,,,,,,
JEEP,COMMANDER,,,,,,17048,88497,62937,27683,12655,8115,105,,,,,,,,,,,,,,,
JEEP,COMPASS,,,,,,,20640,39491,25349,11739,15894,47709,40235,52993,61264,66698,91532,83253,171167,143933,107968,75642,86175,96173,111694,102242,
JEEP,Cherokee,,,,,,,,,,,,,,25786,178508,220260,199736,169882,239437,191397,135855,89126,40322,,,,
JEEP,Cherokee Liberty,,,,,,,,,,,,,,6101,,,,,,,,,,,,,
JEEP,Compass,,,,,,,,,,,,,,52993,61264,66698,94061,83253,171167,143934,107969,75642,86175,,,,
JEEP,GLADIATOR,,,,,,,,,,,,,,,,,,,,40038,77541,89712,77855,55187,42125,56790,
JEEP,GRAND CHEROKEE,,,,,,213584,139148,120937,73678,50328,84635,127744,167458,174275,183786,195958,212704,240696,224908,242969,209786,254445,223344,244597,216148,210081,
JEEP,GRAND WAGONEER,,,,,,,,,,,,,,,,,,,,,,2676,11735,9946,11957,5132,
JEEP,Grand Cherokee,,,,,,,,,,,,,,174275,183786,195958,212273,240696,224908,242969,209786,254445,223344,,,,
JEEP,Jeep Gladiator,,,,,,,,,,,,,,,,,,,,40037,77542,89712,77855,,,,
JEEP,LIBERTY,,,,,,166883,133557,92105,66911,43503,49564,66684,82852,6101,,,,,,,,,,,,,
JEEP,PATRIOT,,,,,,,,40434,55654,31432,38620,54647,67130,75797,93462,118464,125397,40735,621,27,,15,,,,,
JEEP,Patriot,,,,,,,,,,,,,,75797,93462,118464,121926,40735,621,27,3,,,,,,
JEEP,RENEGADE,,,,,,,,,,,,,,,,60946,106605,103434,97062,76886,62847,47138,27551,26012,8441,720,
JEEP,Renegade,,,,,,,,,,,,,,,,60946,106606,103434,97062,76885,62847,47138,27551,,,,
JEEP,WAGONEER,,,,,,,,,,,,,,,,,,,,,,5349,36221,29150,43146,44070,
JEEP,WRANGLER,,,,,,79017,80271,119243,84615,82044,94310,122460,151988,155502,175328,202702,191788,190522,240032,228042,201310,204610,181410,155491,151164,167349,
JEEP,Wrangler,,,,,,,,,,,,,,155502,175328,202702,191774,190522,240032,228042,201311,,,,,,
KIA,AMANTI,,,,,,18668,9594,5522,3614,3704,281,8,,,,,,,,,,,,,,,
KIA,BORREGO,,,,,,,,,1869,10530,9835,429,,,,,,,,,,,,,,,
KIA,CADENZA,,,,,,,,,,,,,,8626,9267,7343,4738,7249,4507,1577,1265,249,1,,,,
KIA,Cadenza,,,,,,,,,,,,,,8626,9267,7343,4738,7249,4507,1630,1265,249,1,,,,
KIA,EV6,,,,,,,,,,,,,,,,,,,,,,,18249,18879,21715,12933,540
KIA,Forte,,,,,,,,,,,,,,66146,69336,78919,103292,117596,101890,95609,84997,115929,108424,,,,
KIA,K4 / FORTE,,,,,,,,,,26328,68501,76294,81387,66136,69336,78919,103292,117596,101890,95683,84997,113051,97303,123953,128966,107643,
KIA,K5,,,,,,,,,,,,,,,,,,,,,31656,77195,66310,64772,46311,72751,6726
KIA,K9 (K900/Quoris),,,,,,,,,,,,,,,1330,2524,834,455,354,390,305,85,,,,,
KIA,K900,,,,,,,,,,,,,,,1330,2524,834,455,354,392,305,85,,,,,
KIA,NIRO,,,,,,,,,,,,,,,,,,27237,28232,24421,17434,26192,29176,36300,30094,31182,3170
KIA,OPIRUS,,,,255,1059,1198,1317,405,153,,,,,,,,,,,,,,,,,,
KIA,OPTIMA,,,,,,41349,38408,40901,44904,37527,27382,84590,163957,155893,159020,159414,124203,107493,101603,96050,48484,16,,,,,
KIA,Optima,,,,,,,,,,,,,,155893,159020,159414,124203,107493,101603,96623,48484,118,1,,,,
KIA,RIO,,,,,,30290,28388,33370,36532,34666,24619,20111,43873,40742,35933,23742,28700,16760,22975,24509,23927,31362,27065,26801,1917,,
KIA,RONDO,,,,,,,594,26020,28645,14206,3588,47,,,,,,,,,,,,,,,
KIA,Rio,,,,,,,,,,,,,,40742,35933,23742,28700,16760,22975,24961,23927,31362,26996,,,,
KIA,SEDONA,,,,,,52837,57018,40493,26915,27398,21823,24047,19016,7079,14567,36755,44264,23815,17928,15843,13190,14625,2905,,,,
KIA,SELTOS,,,,,,,,,,,,,,,,,,,,,46280,51368,44897,60053,59958,56798,5278
KIA,SEPHIA,67893,49016,,,,,,,,,,,,,,,,,,,,,,,,,
KIA,SORENTO,,,,,,47610,50672,36300,29699,24460,108985,130238,127983,105649,99820,116249,114733,99684,107846,96531,74677,81785,87147,88645,95154,94772,5904
KIA,SOUL,,,,,,,,,,31621,67110,102267,126654,118079,145316,147133,154768,115712,104709,97814,71772,75126,56740,61263,52397,50133,1731
KIA,SPECTRA,,,,,,56088,72557,73474,68465,47114,272,1,,,,,,,,,,,,,,,
KIA,SPORTAGE,,,,,,29009,37071,49393,32754,42509,23873,47463,39767,32965,42945,53739,81066,72824,82823,88977,84343,88688,124244,140780,161917,182823,13984
KIA,STINGER,,,,,,,,,,,,,,,,,,843,16806,13884,12556,13517,7809,5452,1,,
KIA,Sedona (Carnival),,,,,,,,,,,,,,7079,14567,36755,44264,23815,17928,15931,13190,25155,19706,,,,
KIA,Sorento (KX7),,,,,,,,,,,,,,105649,102520,116249,114733,99684,107846,95951,74677,81785,86406,,,,
KIA,Soul,,,,,,,,,,,,,,118079,145316,147133,145768,115712,104709,98033,71862,75126,57820,,,,
KIA,Sportage,,,,,,,,,,,,,,32965,42945,53739,81066,72824,82823,89278,84343,94601,125245,,,,
KIA,Stinger,,,,,,,,,,,,,,,,,,843,16806,13861,12556,13517,7809,,,,
KIA,TELLURIDE,,,,,,,,,,,,,,,,,,,,58932,75119,93705,99564,110765,115504,123281,9424
KIA,Telluride,,,,,,,,,,,,,,,,,,,,58604,75129,93705,99891,,,,
LAMBORGHINI,URUS,,,,,,,,,,,,,,,,,,,290,967,1087,1280,1439,,,,
LAMBORGHINI,Unclassified,,,,,,,,,,,,,,,,1009,1041,1095,1595,2716,2263,2412,2567,,,,
LAND ROVER,DISCOVERY,,,,,,817,1,,,,5274,7970,7953,7093,4679,9031,10772,6398,9842,9184,5811,4398,1488,2416,3312,2801,
LAND ROVER,DISCOVERY SPORT,,,,,,,,,,,,,,,,7611,14243,14187,12035,12337,7760,7222,5908,4316,2221,3164,
LAND ROVER,FREELANDER,,,,,,2141,42,1,,,,,,,,,,,,,,,,,,,
LAND ROVER,LR2,,,,,,,,9205,4316,3850,3649,2831,3327,3315,3619,77,3,,,,,,,,,,
LAND ROVER,LR3,,,,,,19346,16930,11039,3072,2607,1848,,,,,,,,,,,,,,,,
LAND ROVER,LR4,,,,,,817,1,,,,5274,7970,7953,7093,4679,9031,10772,6398,9842,9184,5811,4398,1488,2416,3312,2801,
LAND ROVER,RANGE ROVER,,,,,,13430,12044,12316,5428,6981,8755,9887,8341,12221,12830,17821,16155,16869,19030,18831,13982,17285,12999,15989,22166,19691,
LAND ROVER,RANGE ROVER VELAR,,,,,,,,,,,,,,,,,,5740,17037,17087,12817,13271,8565,6891,6934,6370,
LEXUS,CT,,,,,,,,,,,,,,15071,17673,14657,8903,4690,4,,,,,,,,
LEXUS,ES,,,,,,,,,,,,,,72581,72508,64969,58299,51398,48484,51336,43292,45406,41735,,,,
LEXUS,GS,,,,,,,,,,,,,,19742,22198,23117,14878,7773,6604,3378,2560,76,2,,,,
LEXUS,GX,,,,,,,,,,,,,,12136,22685,25212,25148,27190,26724,25945,28519,32509,29945,,,,
LEXUS,HS,,,,,,,,,,6699,10663,2864,799,5,,,,,,,,,,,,,
LEXUS,IS,,,,,,,,,,,,,,35017,51358,46430,37289,26482,22927,14920,13600,21998,21386,,,,
LEXUS,LC,,,,,,,,,,,,,,,,,,2487,1979,1219,1325,2782,1387,,,,
LEXUS,LFA,,,,,,,,,,,,62,52,23,17,9,6,3,2,3,3,1,,,,,
LEXUS,LS,,,,,,,,,,,,,,10727,8559,7165,5514,4094,9302,5528,3617,3739,2679,,,,
LEXUS,LX,,,,,,,,,,,,,,4625,4052,3884,5707,6004,4753,4718,4512,3563,3642,,,,
LEXUS,NX,,,,,,,,,,,,,,,2927,43764,54884,59341,62079,58715,55784,58514,49002,,,,
LEXUS,RC,,,,,,,,,,,,,,,1922,14784,11165,7363,3358,4591,3808,2987,2648,,,,
LEXUS,RX,,,,,,,,,,,,,,103920,107490,100610,109435,108307,111641,111036,101059,115320,96041,,,,
LEXUS,UX,,,,,,,,,,,,,,,,,,,453,16725,16962,17581,10237,,,,
LINCOLN,AVIATOR,,,,,,15873,1711,,,,,,,,,,,,,8324,23080,20924,21977,15551,25604,24373,1923
LINCOLN,Aviator,,,,,,,,,,,,,,,,,,,,8323,23080,20924,21977,,,,
LINCOLN,BLACKWOOD,,137,3066,153,,,,,,,,,,,,,,,,,,,,,,,
LINCOLN,CONTINENTAL,,,,,,,,,,,,,,,,,5261,12012,8758,6587,5256,1460,,,,,
LINCOLN,Continental,,,,,,,,,,,,,,,,,5261,12012,8758,6586,5262,1460,,,,,
LINCOLN,LS,,,,,,19109,8797,,,,,,,,,,,,,,,,,,,,
LINCOLN,MARK LT,,,,,,10274,12753,8382,4631,147,,,,,,,,,,,,,,,,,
LINCOLN,MKC / CORSAIR,,,,,,,,,,,,,,,13077,24590,24415,27048,26241,25816,26226,22790,27668,24384,29963,26566,1619
LINCOLN,MKC/Corsair,,,,,,,,,,,,,,,13077,24590,25562,27048,26241,25815,26227,22790,27668,,,,
LINCOLN,MKS,,,,,,,,,12982,17174,14417,12217,13381,10793,8160,6877,4950,153,,,,,,,,,
LINCOLN,MKT,,,,,,,,,,2580,7435,5024,7515,6014,4800,4696,5922,3005,2324,3388,329,,,,,,
LINCOLN,MKX,,,,,,,859,37953,29076,21433,22932,23395,27275,23913,23995,22199,30967,31031,28573,31610,22743,25443,20635,23960,39641,33744,1988
LINCOLN,MKZ,,,,,,4985,33114,34363,30117,22081,22535,27529,30540,32361,34009,30901,30534,27387,19852,17726,12518,1681,,,,,
LINCOLN,NAVIGATOR,,,,,,25844,23947,24050,14836,8057,8245,8018,9195,8613,10433,11964,10421,10523,17839,18656,15253,15631,13206,17549,17217,22185,1572
LINCOLN,Nautilus,,,,,,,,,,,,,,,,,,,2607,25652,22742,24443,20635,,,,
LINCOLN,Navigator,,,,,,,,,,,,,,8613,10433,11964,10421,10523,17839,18656,15252,15631,13206,,,,
LINCOLN,TOWN CAR,,,,,,47122,39295,26739,15653,11375,11264,9460,1156,,,,,,,,,,,,,,
LOTUS,ELISE,1916,1372,1754,1296,1046,918,745,737,710,548,567,321,252,210,274,347,313,318,257,271,303,321,111,,,,
LOTUS,EMIRA,,,,,,,,,,,,,,,,,,,,,,,153,,,,
LUCID MOTORS,Lucid Air,,,,,,,,,,,,,,,,,,,,,,577,2656,,,,
MASERATI,GHIBLI,,,,,,,,,,,,,,,,,3143,5635,1069,,,,,,,,
MASERATI,GRANTURISMO,,,,,,,,,,,,,,,,,449,957,245,,,,,,,,
MASERATI,Grecale,,,,,,,,,,,,,,,,,,,,,,,89,,,,
MASERATI,LEVANTE,,,,,,,,,,,,,,,,,1917,5483,1475,,,,,,,,
MASERATI,QUATTROPORTE,,,,,,,,,,,,,,,,,1012,1696,314,,,,,,,,
MASERATI,Unclassified,,,,,,,,,,,,,,,,11700,12534,13711,11402,8150,5214,7682,6730,,,,
MAZDA,2,,,,,,,,,,,3021,13952,22016,11757,13615,297,,,,,3256,,,,,,
MAZDA,3,,,,,,97388,94437,120291,109957,96376,106353,102417,134636,104713,104985,107885,95567,75018,64638,50741,30352,41845,27767,30531,38877,29266,2473
MAZDA,5,,,,,,4761,17109,13718,22021,18488,15683,19155,16159,13884,11613,8609,375,9,,,,60,,,,,
MAZDA,6,,,,,,71447,66203,57575,52510,34866,35662,35711,38857,43638,53224,57898,45520,33402,30938,21524,16204,18504,335,1690,,,
MAZDA,Atenza (Mazda 6),,,,,,,,,,,,,,43638,53224,57897,45520,33402,30938,21524,16204,16214,335,,,,
MAZDA,Axela (Mazda 3),,,,,,,,,,,,,,104713,104985,107885,95567,75018,64638,50741,33608,37653,27767,,,,
MAZDA,B-SERIES,,,,,,5872,4086,2657,1319,573,10,,,,,,,,,,,,,,,,
MAZDA,CX-3,,,,,,,,,,,,,,,,6406,18557,16355,16899,16229,8335,6374,,,,,
MAZDA,CX-30,,,,,,,,,,,,,,,,,,,,899,38064,55180,52808,77075,96515,56684,2423
MAZDA,CX-5,,,,,,,,,,,,,43676,79544,99122,111450,112235,127563,150622,154543,146420,163940,151594,153808,134088,136333,9873
MAZDA,CX-50,,,,,,,,,,,,,,,,,,,,,,,21329,44595,81441,110345,10415
MAZDA,CX-7,,,,,,,22325,41659,26811,20583,28788,35641,13433,1,,,,,,,,,,,,,
MAZDA,CX-70,,,,,,,,,,,,,,,,,,,,,,,,,10678,13833,672
MAZDA,CX-9,,,,,,,,25566,26100,21132,28908,34421,26472,24628,18496,18048,15596,25828,28257,26861,27638,31803,34580,17451,4,,
MAZDA,CX-90,,,,,,,,,,,,,,,,,,,,,,,,,10678,13833,672
MAZDA,CX-90 PHEV,,,,,,,,,,,,,,,,,,,,,,,,1700,,,
MAZDA,CX03,,,,,,,,,,,,,,,,6406,18557,16355,16899,16229,8335,5100,,,,,
MAZDA,CX030,,,,,,,,,,,,,,,,,,,,899,38064,60185,52808,,,,
MAZDA,CX05,,,,,,,,,,,,,,79544,99122,111450,112235,127563,150622,154545,146420,168448,151594,,,,
MAZDA,CX050,,,,,,,,,,,,,,,,,,,,,,,21329,,,,
MAZDA,CX09,,,,,,,,,,,,,,24628,18496,18048,16051,25828,28257,26861,27638,34493,34580,,,,
MAZDA,Demio (Mazda 2),,,,,,,,,,,,,,11757,13615,297,3,,,,,,,,,,
MAZDA,MX-30,,,,,,,,,,,,,,,,,,,,,,61,324,100,,,
MAZDA,MX-5 MIATA,,,,,,9801,16897,15075,10977,7917,6380,5674,6739,5780,4745,8591,9465,11294,8971,7753,8807,10470,6172,8973,8103,8727,395
MAZDA,MX030,,,,,,,,,,,,,,,,,,,,,,116,324,,,,
MAZDA,MX05 (Miata),,,,,,,,,,,,,,5780,4745,8591,9465,11294,8971,7753,8807,10547,6172,,,,
MAZDA,PROTÉGÉ,62851,78688,83367,68788,6371,2,1,,,,,,,,,,,,,,,,,,,,
MAZDA,Premacy (Mazda 5),,,,,,,,,,,,,,13884,11613,8609,375,10,,,,,,,,,
MAZDA,RX-8,,,,,,14673,9343,5767,3368,2217,1134,759,93,,,1,,,,,,,,,,,
MAZDA,RX08,,,,,,,,,,,,,,1,1,,,,,,,,,,,,
MAZDA,TRIBUTE,21048,45270,44989,49512,41078,36761,26785,13680,10786,5525,3637,2696,620,,1,,,,,,,,,,,,
MAZDA,Tribute,,,,,,,,,,,,,,2,,,,,,,,,,,,,
MCLAREN,SPORTS SERIES,,,,,,,,,,,,,,,,,471,722,567,,,,,,,,
MCLAREN,SUPER SERIES,,,,,,,,,,,,,,,,,405,388,628,,,,,,,,
MERCEDES-BENZ,190,,,,,,,,,,,,,,,,,,,,,,,,,23,,
MERCEDES-BENZ,A-CLASS,,,,,,,,,,,,,,,,,,,,15944,15333,8108,5831,163,3030,,
MERCEDES-BENZ,C-CLASS,,,,,,60658,50187,63701,72471,52067,58785,69314,86938,88251,74201,86080,77167,77446,54829,48875,25119,30816,26161,32698,35590,22993,
MERCEDES-BENZ,CL-CLASS,,,,,,1320,1312,3672,2733,1220,1035,943,802,476,237,54,,,,,,,,,,,
MERCEDES-BENZ,CLA-CLASS,,,,,,,,,,,,,,14113,29664,29643,25792,20669,26269,13212,11644,6823,8766,9803,10368,5204,
MERCEDES-BENZ,CLK-CLASS,,,,,,18227,16415,15009,10844,7150,586,6,,,3,,2310,,,,,,,,,,
MERCEDES-BENZ,CLS-CLASS,,,,,,14835,10763,7906,5775,2527,2135,5665,8521,8032,7595,6152,2571,,,,,,,,19,,
MERCEDES-BENZ,E-CLASS,,,,,,50383,50195,48950,37576,43072,60922,62835,69377,69983,68920,49736,48725,,,,,,,,3081,10172,
MERCEDES-BENZ,EQB,,,,,,,,,,,,,,,,,,,,,,,1672,11765,9648,5428,
MERCEDES-BENZ,EQE,,,,,,,,,,,,,,,,,,,,,,,384,4230,2785,2036,
MERCEDES-BENZ,EQE SUV,,,,,,,,,,,,,,,,,,,,,,,,10568,8152,4915,
MERCEDES-BENZ,EQS SEDAN,,,,,,,,,,,,,,,,,,,,,,443,7054,6805,6431,1460,
MERCEDES-BENZ,EQS SUV,,,,,,,,,,,,,,,,,,,,,,,1665,8872,4493,2521,
MERCEDES-BENZ,G-CLASS,,,,,,1334,587,1152,931,662,919,1191,1408,2494,3051,3616,3950,4188,3593,6092,7723,8521,7297,9355,10988,9470,
MERCEDES-BENZ,GL-CLASS/GLS-CLASS,,,,,,,18776,26396,23328,15012,19943,25139,27617,29912,26752,27707,30442,32248,21973,22615,22172,24465,20577,22892,25463,25524,
MERCEDES-BENZ,GLA-CLASS,,,,,,,,,,,,,,,4877,25593,24545,24104,24136,21514,25348,14323,14086,12621,19080,13810,
MERCEDES-BENZ,GLB-CLASS,,,,,,,,,,,,,,,,,,,,1173,23185,26676,23275,16710,14860,9482,
MERCEDES-BENZ,GLC-CLASS,,,,,,,,,,21944,20949,24310,30094,32553,35107,27900,47872,48643,69729,72439,52626,51805,65531,40250,64164,59409,
MERCEDES-BENZ,GLE-CLASS,,,,,,34959,31632,33879,34320,25799,29698,35835,41509,41326,46042,47474,51643,54595,46010,48664,48153,65073,57933,54569,67927,56916,
MERCEDES-BENZ,METRIS,,,,,,,,,,,,,,,,,4701,7579,7800,11718,12994,13054,17656,23286,3128,1160,
MERCEDES-BENZ,R-CLASS,,,,,,4959,18168,13031,7733,2825,2937,2385,1636,30,8,4,,,,,,,,,,,
MERCEDES-BENZ,S-CLASS,,,,,,16036,30886,26081,17787,11199,13608,12258,12587,13303,24524,21934,18803,15888,14978,12503,8589,14284,15056,11087,8810,6443,
MERCEDES-BENZ,SL-CLASS,,,,,,10080,8462,6126,5464,4025,2385,1449,5175,7007,5204,4060,3722,2940,2126,1791,1783,460,2027,3200,1609,1082,
MERCEDES-BENZ,SLC-CLASS,,,,,,11278,10551,7274,5043,2651,2068,3220,4881,4757,4740,4182,3397,2860,1993,1916,2121,225,,,,,
MERCEDES-BENZ,SLR MCLAREN,,,,,45,200,141,104,106,110,7,,,,,,,,,,,,,,,,
MERCEDES-BENZ,SPRINTER,,,,1941,10232,19662,21961,16586,14600,7154,8559,16577,21759,21816,25643,29889,26151,27415,27564,29757,37513,40534,46533,46229,43425,30037,
MERCEDES0BENZ,A0Class,,,,,,,,,,,,,,,,,,,,17641,15331,8092,5832,,,,
MERCEDES0BENZ,AMG0GT,,,,,,,,,,,,,,,,1277,1227,1608,1525,4208,3489,3129,2970,,,,
MERCEDES0BENZ,B0Class,,,,,,,,,,,,,,20,776,1906,632,744,135,8,1,1,,,,,
MERCEDES0BENZ,C0Class,,,,,,,,,,,,,,88251,75065,86080,77167,77447,60409,49153,26294,30648,26192,,,,
MERCEDES0BENZ,CL0Class,,,,,,,,,,,,,,476,221,54,,,,,,,,,,,
MERCEDES0BENZ,CLA0Class,,,,,,,,,,,,,,14113,27365,29643,25792,20669,22556,12400,10997,6849,14598,,,,
MERCEDES0BENZ,CLK0Class,,,,,,,,,,,,,,,3,,,,,,,,,,,,
MERCEDES0BENZ,CLS0Class,,,,,,,,,,,,,,8032,6981,6152,4156,1839,899,2385,2980,2322,941,,,,
MERCEDES0BENZ,E0Class,,,,,,,,,,,,,,69803,66400,49736,46740,49473,45525,37728,24122,18594,17877,,,,
MERCEDES0BENZ,EQB,,,,,,,,,,,,,,,,,,,,,,,1672,,,,
MERCEDES0BENZ,EQE,,,,,,,,,,,,,,,,,,,,,,,384,,,,
MERCEDES0BENZ,EQS,,,,,,,,,,,,,,,,,,,,,,443,9483,,,,
MERCEDES0BENZ,EQS SUV,,,,,,,,,,,,,,,,,,,,,,,884,,,,
MERCEDES0BENZ,G0Class,,,,,,,,,,,,,,2494,3090,3616,3950,4188,3970,7348,7723,8480,7018,,,,
MERCEDES0BENZ,GL0Class,,,,,,,,,,,,,,29912,26597,27707,,,,,,,,,,,
MERCEDES0BENZ,GLA0Class,,,,,,,,,,,,,,,6884,25593,24545,24104,24136,22137,25345,14194,14085,,,,
MERCEDES0BENZ,GLB,,,,,,,,,,,,,,,,,,,,1173,23183,26968,23274,,,,
MERCEDES0BENZ,GLC0Class (GLK0Class),,,,,,,,,,,,,,,,4569,47872,48643,69727,73650,52627,52106,65531,,,,
MERCEDES0BENZ,GLE0Class (M0Class/ML0Class),,,,,,,,,,,,,,,,20663,51790,54595,46010,49980,48157,65198,63050,,,,
MERCEDES0BENZ,GLK0Class,,,,,,,,,,,,,,32553,35000,23333,,,,,,,,,,,
MERCEDES0BENZ,GLS0Class (GL0Class),,,,,,,,,,,,,,,,,30442,32248,21972,22225,22172,24606,20853,,,,
MERCEDES0BENZ,M0Class,,,,,,,,,,,,,,41315,46706,32540,,,,,,,,,,,
MERCEDES0BENZ,ML0Class,,,,,,,,,,,,,,11,20,10,1,,,,,,,,,,
MERCEDES0BENZ,R0Class,,,,,,,,,,,,,,30,8,4,,,,,,,,,,,
MERCEDES0BENZ,S0Class,,,,,,,,,,,,,,13303,25276,21934,18803,15888,14978,12528,8589,14161,15925,,,,
MERCEDES0BENZ,SL0Class,,,,,,,,,,,,,,7007,5030,4060,3722,2940,2126,1690,1782,460,2027,,,,
MERCEDES0BENZ,SLC0Class (SLK0Class),,,,,,,,,,,,,,,,,3397,2860,1993,1840,2122,228,,,,,
MERCEDES0BENZ,SLK0Class,,,,,,,,,,,,,,4757,4737,4182,,,,,,,,,,,
MERCEDES0BENZ,SLS0Class,,,,,,,,,,,,,,451,232,29,1,,,,2,,,,,,
MERCEDES0BENZ,Sprinter,,,,,,,,,,,,,,21816,25745,,,,,,,,,,,,
MERCEDES0BENZ,Unclassified Van,,,,,,,,,,,,,,,,29889,34304,34994,38178,41635,50999,55692,64185,,,,
MERCURY,COUGAR,,,19345,2024,,,,,,,,,,,,,,,,,,,,,,,
MERCURY,GRAND MARQUIS,,,,,,64716,54688,50664,29766,24783,28542,248,,,,,,,,,,,,,,,
MERCURY,MARINER,,,,,,34099,33941,34844,32306,28688,29912,,,,,,,,,,,,,,,,
MERCURY,MILAN,,,,,,5321,35853,37244,31393,27313,28912,,,,,,,,,,,,,,,,
MERCURY,MONTEREY,,,,,,8166,4467,700,,,,,,,,,,,,,,,,,,,
MERCURY,MOUNTAINEER,,,,,,32491,29567,23849,10596,5169,5791,,,,,,,,,,,,,,,,
MERCURY,SABLE,,,,,,24149,,10366,16187,6256,37,,,,,,,,,,,,,,,,
MERCURY,VILLAGER,,,16442,,,,,,,,,,,,,,,,,,,,,,,,
MINI,CONVERTIBLE,,,,,,,,,,,7022,4964,4813,4460,3536,3098,4584,5512,5334,4031,3039,2156,2039,,,,
MINI,COUPE,,,,,,,,,,,,953,2880,2540,956,460,8,,,,,,,,,,
MINI,Clubman,,,,,,,,,,,,,,5155,2613,492,12204,7739,4385,3565,2513,2719,2581,,,,
MINI,Convertible,,,,,,,,,,,,,,4460,3536,3098,4584,5512,5334,4031,3883,3380,3060,,,,
MINI,Cooper,,,,,,,,,,,,,,26954,22843,34967,22438,18981,16400,14527,12455,13391,14374,,,,
MINI,Countryman,,,,,,,,,,,,,,21325,22645,16686,12706,14864,17565,13969,9287,10440,9489,,,,
MINI,Coupe,,,,,,,,,,,,,,2540,956,460,8,,,,,,,,,,
MINI,Paceman,,,,,,,,,,,,,,3262,2082,1708,85,9,,,,,,,,,
MINI,ROADSTER,,,,,,,,,,,,,2371,2806,1437,1103,5,,,,,,,,,,
MINI,Roadster,,,,,,,,,,,,,,2806,1437,1103,5,,,,,,,,,,
MITSUBISHI,3000GT,117,1,1,,,,,,,,,,,,,,,,,,,,,,,,
MITSUBISHI,DIAMANTE,,,,,,160,,,,,,,,,,,,,,,,,,,,,
MITSUBISHI,ECLIPSE,,,,,,21193,26385,20154,15241,4262,2898,4455,784,40,,,,,,,,,,,,,
MITSUBISHI,ECLIPSE CROSS,,,,,,,,,,,,,,,,,,,9485,19661,10319,8946,10717,9922,12725,17507,
MITSUBISHI,ENDEAVOR,,,,,,20994,14017,11886,5938,3228,4294,9658,600,24,,,,,,,,,,,,,
MITSUBISHI,Eclipse,,,,,,,,,,,,,,40,,,,,,,,,,,,,
MITSUBISHI,Eclipse Cross,,,,,,,,,,,,,,,,,,,9485,19661,10319,8947,10718,,,,
MITSUBISHI,Eclipse Spyder,,,,,,,,,,,,,,69,,,,,,,,,,,,,
MITSUBISHI,Endeavor,,,,,,,,,,,,,,24,,,,,,,,,,,,,
MITSUBISHI,GALANT,,,,,,33976,27673,26491,26941,11740,11492,15631,13896,1441,122,,,,,,,,,,,,
MITSUBISHI,Galant,,,,,,,,,,,,,,1441,122,,,,,,,,,,,,
MITSUBISHI,I MIEV,,,,,,,,,,,,76,632,1029,196,115,94,6,,,,,,,,,
MITSUBISHI,LANCER,,,,,,27849,23167,31376,27861,20117,21416,19874,17877,19451,16495,17691,14304,12725,3302,3,,,,,,,
MITSUBISHI,Lancer,,,,,,,,,,,,,,19451,16495,17691,14304,12725,3302,,,,,,,,
MITSUBISHI,MIRAGE,,,,,,,,,,,,,,2935,16708,21515,22226,22386,24316,26966,19135,22743,15814,13220,29768,14578,
MITSUBISHI,MONTERO,,,,,,2778,1609,401,5,2,,,,,,,,,,,,,,,,,
MITSUBISHI,MONTERO SPORT,,,,,,758,1,,,,,,,,,,,,2286,7500,,,,,,,
MITSUBISHI,Mirage,,,,,,,,,,,,,,2935,16708,21515,22226,22386,24316,26966,19136,22741,15816,,,,
MITSUBISHI,OUTLANDER,,,,,,11848,11493,23285,13471,10283,12500,9788,8491,12287,13068,19055,27576,35409,37952,37965,27133,33883,40940,42503,45253,38297,
MITSUBISHI,OUTLANDER PHEV,,,,,,,,,,,,,,,,,,,3866,2810,1964,2249,1960,6681,6977,3891,
MITSUBISHI,Outlander,,,,,,,,,,,,,,12287,13068,19055,26576,35409,41818,40775,29096,36133,42903,,,,
MITSUBISHI,RAIDER,,,,,,1145,7595,8262,2935,1946,9,,,,,,,,,,,,,,,,
MITSUBISHI,RVR (ASX/Outlander Sport),,,,,,,,,,,,,,24951,31054,36966,33067,33160,39153,33644,28836,34216,16373,,,,
MITSUBISHI,i0MiEV,,,,,,,,,,,,,,1029,196,115,94,6,,,,,,,,,
NISSAN,300ZX,3,,,,,,,,,,,,,,,,,,,,,,,,,,
NISSAN,350Z,,,13250,36728,30690,27278,24635,18957,10337,3819,,,,,,,,,,,,,,152,,,
NISSAN,370Z,,,,,,27278,24635,18957,10337,13117,10215,7328,7891,6561,7199,7391,5913,4614,3468,2384,1955,37,262,1619,,,
NISSAN,ALTIMA,,,,,,255371,232457,284762,271668,203568,229263,268981,335887,320723,335644,333398,307380,254996,209146,209183,137988,103776,139956,128030,113896,93268,
NISSAN,ALTRA EV,37,64,139,,,,,,,,,,,,,,,,,,,,,,,,
NISSAN,ARMADA,,,,,,39508,32864,31632,15685,9903,19344,18331,19880,14383,12863,12737,14035,35667,32650,32044,19638,22815,11923,21184,15268,17463,
NISSAN,Altima,,,,,,,,,,,,,,320723,335644,333398,307380,254996,209146,209183,137988,103777,139955,,,,
NISSAN,Ariya,,,,,,,,,,,,,,,,,,,,,,,201,,,,
NISSAN,Armada,,,,,,,,,,,,,,14383,12593,12737,14035,35667,32650,32044,19640,22814,11923,,,,
NISSAN,CUBE,,,,,,,,,,21471,22968,14459,8354,5461,3784,943,15,,,,,,,,,,
NISSAN,Cube,,,,,,,,,,,,,,5461,3785,943,15,,,,,,,,,,
NISSAN,FRONTIER,,,,,,72838,77510,64397,44997,27415,40427,51700,59672,62837,74323,62817,86926,74360,79646,72369,54817,60697,76185,58134,69813,67027,
NISSAN,Frontier (Navara),,,,,,,,,,,,,,62837,74323,62817,86926,74360,79646,72369,36845,60693,76183,,,,
NISSAN,GT-R,,,,,,,,,1730,1534,877,1294,1255,1236,1436,1105,698,578,538,331,303,228,57,391,265,39,
NISSAN,GT0R,,,,,,,,,,,,,,1236,1436,1105,698,578,538,331,304,227,57,,,,
NISSAN,JUKE,,,,,,,,,,,8639,35886,39305,38157,38184,27121,19577,10157,731,11,,,,,,,
NISSAN,Juke,,,,,,,,,,,,,,38157,38184,27121,19577,10157,731,11,,,,,,,
NISSAN,KICKS,,,,,,,,,,,,,,,,,,,23312,58193,58858,82960,54879,66820,77354,103574,
NISSAN,Kicks,,,,,,,,,,,,,,,,,,,23312,58193,58858,82960,54879,,,,
NISSAN,LEAF,,,,,,,,,,,19,9674,10297,22610,30200,18442,14006,11230,14715,12365,9559,14237,12026,7149,11227,5147,
NISSAN,Leaf,,,,,,,,,,,,,,22610,30200,17269,14006,11230,14715,12365,9564,14239,12025,,,,
NISSAN,MAXIMA,,,,,,75425,69763,52574,47072,53351,60569,58737,65946,53896,50401,40359,62970,67627,42337,35076,18141,16386,7110,9653,944,25,
NISSAN,MURANO,,,,,,74454,81362,76358,71401,52546,53999,53626,56720,44684,47301,62907,86953,76732,83547,68361,58256,46115,30074,31138,19317,42748,
NISSAN,Maxima,,,,,,,,,,,,,,53896,50401,40359,62670,67627,42337,35076,18062,16386,7110,,,,
NISSAN,Murano,,,,,,,,,,,,,,44684,47301,62907,86953,76732,83547,68361,58255,46117,30074,,,,
NISSAN,NV,,,,,,,,,,,,6444,10986,13177,14890,16958,17873,17858,16902,20022,15248,11374,12,,,,
NISSAN,NV200,,,,,,,,,,,,,,4031,13385,17317,18523,18602,18628,18768,17126,17359,134,,,,
NISSAN,Nissan Z,,,,,,,,,,,,,,,,,,,,,,,263,,,,
NISSAN,PATHFINDER,,,,,,76149,73124,63056,33555,18341,21438,25935,45477,88632,79111,82041,81701,81065,67550,65691,48579,41324,57862,71710,74556,94782,
NISSAN,Pathfinder,,,,,,,,,,,,,,88632,79111,82041,81701,81065,67550,65691,48579,41324,57862,,,,
NISSAN,QUEST,,,,,,40357,31905,28590,18252,8437,177,12199,19481,12874,9833,11018,11115,4950,3,,,,,,,,
NISSAN,Quest,,,,,,,,,,,,,,12874,9833,11018,11115,4950,3,,,,,,,,
NISSAN,ROGUE,,,,,,,,17808,69135,77222,99515,124543,155772,162751,199199,287190,329904,403465,412110,350447,227936,285601,186481,271458,245723,217898,
NISSAN,Rogue,,,,,,,,,,,,,,162751,199199,287190,329904,403465,412110,350447,227935,285602,186480,,,,
NISSAN,SENTRA,,,,,,119489,117922,106522,99797,82706,94065,114991,117000,129143,183268,203509,214709,218451,213046,184618,94645,127862,77124,109195,152752,152579,
NISSAN,Sentra,,,,,,,,,,,,,,129143,183268,203509,214709,218451,213046,184618,94646,127861,77123,,,,
NISSAN,TITAN,,,,,,86945,72192,65743,34053,19042,23416,21994,23152,15691,12527,12140,21880,52924,50459,31514,26441,27406,15064,19189,13351,1503,
NISSAN,Titan,,,,,,,,,,,,,,15691,12527,12140,21880,52924,50459,31514,26439,27406,15063,,,,
NISSAN,VERSA,,,,,,,22044,79443,85182,82906,99705,99730,124517,117352,139781,144528,132214,106772,75809,66596,48272,60913,13399,24807,42590,51310,
NISSAN,Versa,,,,,,,,,,,,,,117352,139781,144528,132214,106772,75809,66596,48273,60913,13396,,,,
NISSAN,XTERRA,,,,,,73447,62325,51355,33579,16455,20523,18221,18679,17766,16505,10672,38,1,,,,,,,,,
NISSAN,Xterra,,,,,,,,,,,,,,17766,16505,10672,38,1,,,,,,,,,
OLDSMOBILE,ALERO,,,94286,99123,20156,1382,,,,,,,,,,,,,,,,,,,,,
OLDSMOBILE,AURORA,,,8878,3161,206,18,,,,,,,,,,,,,,,,,,,,,
OLDSMOBILE,BRAVADA,,,14337,8052,1973,327,,,,,,,,,,,,,,,,,,,,,
OLDSMOBILE,INTRIGUE,,,15015,789,55,,,,,,,,,,,,,,,,,,,,,,
OLDSMOBILE,SILHOUETTE,,,22597,14772,6461,139,,,,,,,,,,,,,,,,,,,,,
POLESTAR,1,,,,,,,,,,,,,,,,,,,,,,16,231,82,,,
POLESTAR,2,,,,,,,,,,,,,,,,,,,,,,2402,6729,10350,12903,226,
PONTIAC,AZTEK,,,,,,5020,347,25,,,,,,,,,,,,,,,,,,,
PONTIAC,BONNEVILE,,,,,,10037,1160,130,,,,,,,,,,,,,,,,,,,
PONTIAC,G3 WAVE,,,,,,,,,,6223,14,,,,,,,,,,,,,,,,
PONTIAC,G5,,,,,,,7902,27928,25439,12362,86,,,,,,,,,,,,,,,,
PONTIAC,G6,,,,,,124844,157644,150001,140246,87171,479,,,,,,,,,,,,,,,,
PONTIAC,G8,,,,,,,,,15005,23157,274,,,,,,,,,,,,,,,,
PONTIAC,GRAND AM,,,,,,31613,828,99,,,,,,,,,,,,,,,,,,,
PONTIAC,GRAND PRIX,,,,,,122398,108634,87622,8636,265,7,,,,,,,,,,,,,,,,
PONTIAC,GTO,,,,,,11590,11268,4200,52,,,,,,,,,,,,,,,,,,
PONTIAC,MONTANA,,,,,,8710,388,26,,,,,,,,,,,,,,,,,,,
PONTIAC,SOLSTICE,,,,,,5445,19710,16782,10739,5642,157,,,,,,,,,,,,,,,,
PONTIAC,SUNFIRE,,,,,,25114,853,39,,,,,,,,,,,,,,,,,,,
PONTIAC,TORRENT,,,,,,10303,43174,32644,20625,9638,68,,,,,,,,,,,,,,,,
PONTIAC,VIBE,,,,,,64271,45221,37170,46551,33842,97,,,,,,,,,,,,,,,,
PORSCHE,718,,,,,,,,,,,,,,,,,3585,5087,5276,3880,3447,4656,3485,4098,6212,5223,
PORSCHE,911,,,,,,10107,12045,12493,8324,6839,5736,6016,8528,10142,9707,12904,8901,8970,9783,9265,8839,9167,10172,11728,10233,11437,
PORSCHE,918 SPYDER,,,,,,,,,,,,,,,82,203,1,,,,,,,,,,
PORSCHE,BOXSTER,,,,,,7846,4503,3622,2982,1909,2177,1900,2894,4632,3875,3102,2670,2287,782,,,,,,,,
PORSCHE,Boxster/Cayman,,,,,,,,,,,,,,7953,7292,6663,6260,5087,5276,3880,3447,4292,3484,,,,
PORSCHE,CARRERA GT,,,,,,340,85,4,,,,,,,,,,,,,,,,,,,
PORSCHE,CAYENNE,,,,,,13607,10569,12547,11216,7735,7793,12978,15545,18507,16205,16474,15383,13203,11106,19001,18092,21048,21194,20288,20808,18238,
PORSCHE,CAYMAN,,,,,,,7025,6027,3513,1966,1322,1250,462,3322,3417,3561,3590,2800,1101,,,,,,,,
PORSCHE,Cayenne,,,,,,,,,,,,,,18507,16205,16473,15383,13203,10733,19131,18092,17299,21194,,,,
PORSCHE,MACAN,,,,,,,,,,,,,,,7241,13533,19332,21429,22954,22667,18633,22002,23687,27400,26720,24398,
PORSCHE,Macan,,,,,,,,,,,,,,,7241,13533,19332,21429,23504,22667,18631,24716,23688,,,,
PORSCHE,PANAMERA,,,,,,,,,,,7741,6879,7614,5421,5740,4985,4403,6731,8114,6625,3871,3555,4226,4197,4136,4218,
PORSCHE,Panamera,,,,,,,,,,,,,,5421,5740,4986,4403,6731,8042,6625,3870,4257,4224,,,,
PORSCHE,Porsche 911,,,,,,,,,,,,,,10442,10433,9898,8901,8970,9647,9265,8840,10042,10204,,,,
PORSCHE,Porsche 918,,,,,,,,,,,,,,,96,203,,,,,,,,,,,
PORSCHE,TAYCAN,,,,,,,,,,,,,,,,,,,,130,4404,8747,7272,7716,6284,3438,
PORSCHE,Taycan,,,,,,,,,,,,,,,,,,,,,4414,9419,7271,,,,
RAM,CARGO VAN,,,,,,,,,,,,691,7623,8900,11311,3222,18,,,,,,,,,,
RAM,P/U,,,,,,,,,,,,,,355673,439789,451116,489418,500723,536980,633694,563676,569388,468344,,,,
RAM,PROMASTER,,,,,,,,,,,,,,3270,18039,28345,39691,40483,46600,56410,50553,63362,60937,81663,65868,63311,
RAM,PROMASTER CITY,,,,,,,,,,,,,,,,11031,15617,15584,13788,12919,10408,14578,15914,12887,51,21,
RAM,ProMaster,,,,,,,,,,,,,,3270,18039,28345,40440,40483,46600,56409,50556,63361,60936,,,,
RAM,ProMaster City,,,,,,,,,,,,,,,,11124,15972,15584,13788,12920,10409,14579,15914,,,,
RAM,Ram Cargo Van,,,,,,,,,,,,,,8900,11311,3222,21,,,,1,3,,,,,
RIVIAN,EDV,,,,,,,,,,,,,,,,,,,,,,,2230,,,,
RIVIAN,EDV 500,,,,,,,,,,,,,,,,,,,,,,,,560,2298,,
RIVIAN,EDV 700,,,,,,,,,,,,,,,,,,,,,,,2999,3796,16642,7000,
RIVIAN,R1S,,,,,,,,,,,,,,,,,,,,,,8,800,23437,19712,18101,
RIVIAN,R1T,,,,,,,,,,,,,,,,,,,,,,576,9900,19410,15799,5100,
SAAB,9-2X,,,,,,5940,1435,118,3,,,,,,,,,,,,,,,,,,
SAAB,9-3,,,20499,34075,27322,24107,24133,22979,15167,5428,4481,3820,,,,,,,,,,,,,,,
SAAB,9-5,,,17306,13839,9049,6024,4992,4357,2538,1034,862,1490,,,,,,,,,,,,,,,
SAAB,9-7X,,,,,,2272,5789,5257,3660,2218,102,82,,,,,,,,,,,,,,,
SATURN,ASTRA,,,,,,,,,11968,6298,25,,,,,,,,,,,,,,,,
SATURN,AURA,,,,,,,19746,59964,59380,21395,644,,,,,,,,,,,,,,,,
SATURN,ION,,,,,,100891,102042,47873,315,10,,,,,,,,,,,,,,,,,
SATURN,L-SERIES,,,,,,5042,20,2,,,,,,,,,,,,,,,,,,,
SATURN,OUTLOOK,211587,162181,150992,136573,10014,149,148,34748,25340,13115,2649,,,,,,,,,,,,,,,,
SATURN,RELAY,,,,,,15758,7171,1474,163,12,,,,,,,,,,,,,,,,,
SATURN,VUE,,,,,,91972,88581,84767,81676,28429,3201,,,,,,,,,,,,,,,,
SCION,FR0S,,,,,,,,,,,,,,18327,14062,10507,,,,,,,,,,,
SCION,iA,,,,,,,,,,,,,,,,7605,,,,,,,,,,,
SCION,iM,,,,,,,,,,,,,,,,5097,,,,,,,,,,,
SCION,iQ,,,,,,,,,,,,,,4046,2040,482,6,,,,,,,,,,
SCION,tC,,,,,,,,,,,,,,19094,17947,16459,9336,203,2,,,,,,,,
SCION,xB,,,,,,,,,,,,,,17849,16583,15223,2677,,3,1,,,,,,,
SCION,xD,,,,,,,,,,,,,,9005,7377,794,9,2,,,,,,,,,
SMART,Unclassified,,,,,,,,,,,,,,8341,7859,6097,5554,2527,158,97,,,,,,,
SMART,fortwo,,,,,,,,,,,,,,923,2594,1387,657,544,1118,583,,,,,,,
SUBARU,Ascent,,,,,,,,,,,,,,,,,,,36211,81958,67623,59980,63704,,,,
SUBARU,BAJA,,,,,,6239,5241,1127,2,,,,,,,,,,,,,,,,,,
SUBARU,BRZ,,,,,,,,,,,,,4144,8587,7504,5296,4141,4131,3834,2334,2267,2320,3345,4188,3345,2882,238
SUBARU,FORESTER,,,,,,53541,51258,44530,60748,77781,85080,76196,80356,123592,159953,175192,178593,177563,171613,180179,176996,154723,114096,152566,175521,175070,15821
SUBARU,Forester,,,,,,,,,,,,,,123592,159953,175192,178593,177563,171613,180179,176996,154723,114096,,,,
SUBARU,IMPREZA,,,,,,33637,41148,46332,49098,46611,44395,41196,81799,76825,83488,100519,57574,86043,76400,66415,43628,34791,30846,34719,31366,27942,1156
SUBARU,Impreza,,,,,,,,,,,,,,58856,57996,66785,55238,86043,76400,66415,43628,34791,30846,,,,
SUBARU,LEGACY,,,,,,87788,84442,78426,66876,77954,38725,42401,50741,42564,52270,60447,65306,49837,40109,35063,27240,22766,22605,25509,19591,22212,763
SUBARU,Legacy,,,,,,,,,,,,,,42291,52270,60447,65306,49837,40109,35063,27240,22766,22605,,,,
SUBARU,OUTBACK,,,,,,,,,,,93148,104085,120264,118049,138790,152294,182898,188886,178854,181178,153290,154623,147262,161812,168771,157716,8283
SUBARU,Outback,,,,,,,,,,,,,,118049,138790,152294,182898,188886,178854,181178,153294,154623,147262,,,,
SUBARU,Solterra,,,,,,,,,,,,,,,,,,,,,,,919,,,,
SUBARU,TRIBECA,,,,,,14797,18614,16790,10975,5930,2572,2791,2252,1598,732,,,,,,,,,,,,
SUBARU,Tribeca,,,,,,,,,,,,,,1598,732,,,,,,,,,,,,
SUBARU,WRX,,,,,,,,,,,,,,17969,25492,33734,30943,31358,28730,21838,21178,27141,18662,24681,18587,10930,1211
SUBARU,XV,,,,,,,,,,,,,,53741,70956,88927,95677,110138,144384,131152,119716,127466,155142,,,,
SUZUKI,Aerio (Liana)/SX4,,,,,,,,,,,,,,2859,,,,,,,,,,,,,
SUZUKI,EQUATOR,,,,,,,,,13,2221,1447,2127,2117,457,,,,,,,,,,,,,
SUZUKI,Equator,,,,,,,,,,,,,,448,,,,,,,,,,,,,
SUZUKI,Escudo (Grand Vitara),,,,,,,,,,,,,,1037,,,,,,,,,,,,,
SUZUKI,GRAND VITARA,,,18089,13337,8336,8624,26931,19538,11936,7565,4478,4980,5388,838,,,,,,,,,,,,,
SUZUKI,KIZASHI,,,,,,,,,,,5722,6942,6186,1397,,,,,,,,,,,,,
SUZUKI,Kizashi,,,,,,,,,,,,,,1602,,,,,,,,,,,,,
SUZUKI,SX4,,,18441,19823,9438,7967,12221,16740,29563,20713,11606,12519,12860,2859,,,,,,,,,,,,,
SUZUKI,VERONA,,,,,,8411,2302,315,3,1,416,1,,,,,,,,,,,,,,,
SUZUKI,XL7,,,,,,15472,10948,23176,22554,4362,313,48,15,,,,,,,,,,,,,,
TESLA,Model 3,,,,,,,,,,,,,,,,,,1770,138867,146450,118600,123598,215500,,,,
TESLA,Model S,,,,,,,,,,,,,,18650,16550,26400,29156,26500,25200,14000,10500,15026,35000,,,,
TESLA,Model X,,,,,,,,,,,,,,,,208,18028,21700,23900,18500,7600,19673,24600,,,,
TESLA,Model Y,,,,,,,,,,,,,,,,,,,,,68900,189797,247344,,,,
TOYOTA,4RUNNER,,,,,,103830,103086,87718,47878,19675,46531,44316,48753,48735,77006,97034,111952,128296,139694,131864,129052,144696,121023,109951,92156,98804,10713
TOYOTA,4Runner,,,,,,,,,,,,,,51625,76906,97034,111970,128296,139694,131888,129052,144696,121023,,,,
TOYOTA,86,,,,,,,,,,,,,,,,,2354,6846,4133,3398,2476,1044,11996,,,,
TOYOTA,AVALON,,,,,,95318,88938,72945,42790,26935,28390,28925,29556,70990,67183,60063,48079,32583,33580,27767,18421,18280,12215,55,,,
TOYOTA,Aqua (Prius C),,,,,,,,,,,,,,41979,40570,38484,20452,12415,8399,1276,13,,,,,,
TOYOTA,Avalon,,,,,,,,,,,,,,70990,67183,60063,48080,32583,33581,27767,18421,19460,12215,,,,
TOYOTA,BZ4X,,,,,,,,,,,,,,,,,,,,,,,1217,9329,18570,15609,2769
TOYOTA,C-HR,,,,,,,,,,,,,,,,,,25755,49642,48930,42936,35707,12141,777,,1,
TOYOTA,C0HR,,,,,,,,,,,,,,,,,,25755,49642,48930,42936,35707,12141,,,,
TOYOTA,CAMRY,,,,,,431703,448445,472808,436617,356824,327553,306510,404885,408484,428606,429355,388616,387081,343439,336978,294348,313795,295201,290649,309875,317185,21764
TOYOTA,CELICA,52406,35720,22893,14856,8710,3113,9,,,,,,,,,,,,,,,,,,,,
TOYOTA,COROLLA,,,,,,341290,387388,368390,351007,296874,266082,240259,313092,302180,339498,363332,356129,329196,303732,304850,237179,223215,222216,232369,232908,248088,19420
TOYOTA,COROLLA CROSS,,,,,,,,,,,,,,,,,,,,,,7203,56666,64090,93021,99798,8542
TOYOTA,Camry,,,,,,,,,,,,,,408484,428606,429355,388618,387081,343439,336978,294348,313795,295201,,,,
TOYOTA,Corolla,,,,,,,,,,,,,,302180,339498,363332,360483,308695,280886,280808,217712,229785,199959,,,,
TOYOTA,Corolla Cross,,,,,,,,,,,,,,,,,,,,,,7203,56666,,,,
TOYOTA,Corolla iM,,,,,,,,,,,,,,,,,17727,20501,22846,24042,19466,19208,22257,,,,
TOYOTA,ECHO,48876,42464,27985,26167,3899,1544,27,7,,,,,,,,,,,,,,,,,,,
TOYOTA,FJ CRUISER,,,,,,,56225,55170,28668,11941,14959,13541,13655,13131,11726,229,9,3,3,1,,1,,,,,
TOYOTA,FJ Cruiser,,,,,,,,,,,,,,13131,14718,229,9,4,3,1,,1,,,,,
TOYOTA,GRAND HIGHLANDER,,,,,,,,,,,,,,,,,,,,,,,,39373,71717,136760,9606
TOYOTA,HIGHLANDER,,,,,,137409,129794,127878,104661,83118,92121,101252,121054,127572,146127,158915,191379,215775,244511,239437,212276,264128,222805,171289,89658,56208,4488
TOYOTA,Highlander,,,,,,,,,,,,,,127572,146127,158915,191379,215775,244511,239438,212276,264128,222805,,,,
TOYOTA,IZOA,,,,,,,,,,,,,,,,,,,29080,52989,45554,44803,21936,,,,
TOYOTA,LAND CRUISER,,,,,,4870,3376,3251,3801,2261,1807,1662,2895,3082,3158,2687,3705,3100,3235,3536,3146,3711,48,6,29113,43946,2788
TOYOTA,Land Cruiser,,,,,,,,,,,,,,3082,3158,2687,3705,3100,3222,3536,3147,3711,48,,,,
TOYOTA,MIRAI,,,,,,,,,,,,,,,,72,1034,1838,1689,1502,499,2629,2094,2737,499,210,27
TOYOTA,MR2 SPYDER,,,,,,780,,,,,,,,,,,,,,,,,,,,,
TOYOTA,Prius,,,,,,,,,,,,,,157260,136040,118020,101340,86567,77129,68433,43512,59010,36919,,,,
TOYOTA,Prius v,,,,,,,,,,,,,,34989,30762,28290,14840,9680,2062,9,,,,,,,
TOYOTA,RAV4,,,,,,70518,152047,172752,137020,149108,170877,132237,171875,218249,267698,315412,352139,407594,427168,448068,430387,407739,366741,434943,475193,479288,22078
TOYOTA,SEQUOIA,,,,,,45904,34315,23273,30693,16387,13848,13022,13151,13811,11786,12583,12771,12156,11121,10289,7364,8070,5313,20557,26097,26186,1896
TOYOTA,SIENNA,,,,,,161380,163269,138162,115944,84064,98337,111429,114722,121117,124502,137497,127791,111489,87672,73585,42885,14782,6840,54347,75037,101486,7345
TOYOTA,SUPRA,,,,,,,,,,,,,,,,,,,,2884,5887,6830,4952,2652,2615,2953,275
TOYOTA,Sequoia,,,,,,,,,,,,,,13811,11806,12583,12771,12156,11121,10289,7364,8070,5313,,,,
TOYOTA,Sienna,,,,,,,,,,,,,,121117,124502,137497,127791,111489,87672,73585,42885,107990,69751,,,,
TOYOTA,Supra,,,,,,,,,,,,,,,,,,,,2884,5887,6830,4952,,,,
TOYOTA,T100,13,,,,,,,,,,,,,,,,,,,,,,,,,,
TOYOTA,TACOMA,,,,,,168811,178351,173238,144653,111824,107198,110705,131753,159485,155041,179562,191631,198124,245659,248801,238805,252490,215853,234768,192813,274638,21466
TOYOTA,TUNDRA,,,,,,126529,124508,196555,134249,79385,93309,82908,101621,112732,118493,118880,114489,116285,118258,111673,109203,81959,104404,125185,159528,147610,10433
TOYOTA,Tacoma,,,,,,,,,,,,,,159485,155041,179562,191631,198124,245659,248801,238806,252520,237323,,,,
TOYOTA,Tundra,,,,,,,,,,,,,,112732,118493,118880,115489,116285,118258,111673,109203,81959,104246,,,,
TOYOTA,VENZA,,,,,,,,,1474,54410,47321,38904,43094,35846,29991,21351,589,12,9,9,13073,61718,33683,29907,32086,707,
TOYOTA,Venza,,,,,,,,,,,,,,35846,29991,21351,589,14,9,9,13073,61988,33683,,,,
TOYOTA,Vitz (Yaris),,,,,,,,,,,,,,21342,13274,16779,10872,8653,2094,2186,3983,109,,,,,
TOYOTA,Yaris iA,,,,,,,,,,,,,,,,,27983,35727,25116,19730,2454,96,,,,,
TOYOTA,bZ4X,,,,,,,,,,,,,,,,,,,,,,,1220,,,,
VOLKSWAGEN,ARTEON,,,,,,,,,,,,,,,,,,,,2449,3998,5537,1178,2349,1256,29,
VOLKSWAGEN,ATLAS,,,,,,,,,,,,,,,,,,27119,59677,81508,83201,72383,43900,60859,72674,71045,
VOLKSWAGEN,ATLAS CROSS SPORT,,,,,,,,,,,,,,,,,,,,,15147,44304,24666,34814,38872,31564,
VOLKSWAGEN,BEETLE,,,,,,36339,35110,36421,26477,14085,16537,1042,29174,43134,29182,22667,15667,15166,14411,17215,4421,,,,,,
VOLKSWAGEN,CABRIOLET,14133,13327,8675,,,,,,,,,,,,,,,,,,,,,,,,
VOLKSWAGEN,CC,,,,,,,,,1323,23872,27987,29502,23059,15672,9995,6276,3237,1355,455,58,17,,,,,,
VOLKSWAGEN,EOS,,,,,,,3394,12744,12837,7204,6690,7533,6633,4178,3411,2993,387,1,,,,,,,,,
VOLKSWAGEN,GOLF,,,,,,15690,17089,16399,15338,8071,27674,34706,43638,30930,33675,65308,61687,68978,42271,37393,22495,6537,7893,10690,15268,10554,
VOLKSWAGEN,GOLF ALLTRACK,,,,,,15690,17089,16399,15338,8071,27674,34706,43638,30930,33675,65308,61687,68978,42271,37393,22495,6537,7893,10690,15268,10554,
VOLKSWAGEN,GOLF GTI,,,,,,15690,17089,16399,15338,8071,27674,34706,43638,30930,33675,65308,61687,68978,42271,37393,22495,6537,7893,10690,15268,10554,
VOLKSWAGEN,ID.4,,,,,,,,,,,,,,,,,,,,,,,,28031,,7101,
VOLKSWAGEN,JETTA,,,,,,104063,103331,98951,97461,108427,123213,177358,183262,163793,160873,131109,121107,115807,90794,100453,90829,55113,34032,47407,71830,54289,
VOLKSWAGEN,PASSAT,,,,,,49233,54208,37182,30816,11137,12497,22835,125212,109652,96649,78207,73002,60722,41401,14123,24597,24398,2408,,,,
VOLKSWAGEN,PHAETON,,,,,,820,235,17,,,,,,,,,,,,,,,,,,,
VOLKSWAGEN,ROUTAN,,,,,,,,,3387,14681,15961,12473,11143,2109,1103,,,,,,,,,,,,
VOLKSWAGEN,TAOS,,,,,,,,,,,,,,,,,,,,,,31703,50371,58890,65876,55197,
VOLKSWAGEN,TIGUAN,,,,,,,,,8664,13903,20946,25990,34011,30002,25121,35843,43638,46983,103022,109963,110502,109742,71085,76227,94373,78621,
VOLKSWAGEN,TOUAREG,,,,,,18050,10163,8812,6754,4392,4713,7535,11276,8233,6961,7037,4223,3545,2022,160,3,,,,,,
VOLVO,40 SERIES,,,15383,13058,24248,24411,24729,18215,9686,7956,5623,2984,51,,,,,,,,1099,,,,,,
VOLVO,60 SERIES,,,,,,24695,25753,18511,8966,5895,1437,21282,25290,23210,28547,24124,20913,16825,12176,20190,15729,14846,7536,12319,15768,3589,119
VOLVO,70 SERIES,,,3592,4272,4069,1442,3952,4548,5563,5170,4368,4933,4441,3234,779,7,,,,,,,,,,,
VOLVO,80 SERIES,,,,,,10181,5469,12347,11038,8331,7224,4735,3511,1935,1753,1887,646,7,,,,,,,169,,
VOLVO,90 SERIES,,,,,,,,,,,,,,,,,2756,11090,9892,4052,3195,1495,1821,2028,1752,1667,9
VOLVO,C30,,,,,,,,,,,,,,1361,66,,,,,,,,,,,,
VOLVO,C40,,,15383,13058,24248,24411,24729,18215,9686,7956,5623,2984,51,,,,,,,,1099,,,,,,
VOLVO,C40 Recharge,,,,,,,,,,,,,,,,,,,,,,42,3780,,,,
VOLVO,C70,,,3592,4272,4069,1442,3952,4548,5563,5170,4368,4933,4441,3234,779,7,,,,,,,,,,,
VOLVO,S40,,,15383,13058,24248,24411,24729,18215,9686,7956,5623,2984,51,,,,,,,,,,,,,,
VOLVO,S60,,,,,,,,,,,,,,23210,20457,16993,14789,12454,7583,17526,11946,10550,6151,,,,
VOLVO,S80,,,,,,,,,,,,,,1935,1753,1887,644,6,,,,,,,,,
VOLVO,S90,,,,,,,,,,,,,,,,,2756,8640,6967,2545,1896,608,1281,,,,
VOLVO,V50,,,,,2515,5685,4153,2856,1856,2155,1720,555,,,,,,,,,,,,,,,
VOLVO,V60,,,,,,,,,,,,,,,4990,4362,3407,4429,593,2664,4882,3055,1385,,,,
VOLVO,V70 / XC70,16436,14796,10863,11765,10484,7390,5602,3769,3224,1816,895,23,,,,,,,,,,,,,,,
VOLVO,V90,,,,,,,,,,,,,,,,,,2266,2204,1007,1019,708,511,,,,
VOLVO,XC40,,,,,,,,,,,,,,,,,,,12420,17647,23778,26802,18558,28143,26959,22852,817
VOLVO,XC60,,,,,,,,,,9262,12031,12932,20393,19766,19276,26133,20431,22516,32689,30578,32078,41582,36181,39702,39551,41327,1784
VOLVO,XC70,,,,,,,,,,,,,,4882,5093,5118,5425,74,,,,,,,,,
VOLVO,XC90,,,,,,35976,33200,31336,18980,10757,10118,10609,10433,6845,3922,12777,32428,30996,31609,35760,34251,38657,34101,39920,40028,41186,1894
VW,Arteon,,,,,,,,,,,,,,,,,,,,2449,3602,5537,1742,,,,
VW,Atlas,,,,,,,,,,,,,,,,,,27119,59677,81508,87361,115687,82025,,,,
VW,Beetle,,,,,,,,,,,,,,43134,29182,22667,15667,15166,14411,17215,2481,12,6,,,,
VW,Eos,,,,,,,,,,,,,,4178,3411,2993,387,1,,,,,,,,,
VW,Golf,,,,,,,,,,,,,,16023,16298,23489,17701,17086,7996,10507,25858,9253,8425,,,,
VW,Golf GTI,,,,,,,,,,,,,,13310,17362,23669,23934,22486,16684,11672,,,,,,,
VW,Golf R,,,,,,,,,,,,,,1598,15,4141,4493,2706,3468,4223,,,,,,,
VW,Golf SportWagen,,,,,,,,,,,,,,,,14009,15559,26700,14123,10991,,,,,,,
VW,ID.4,,,,,,,,,,,,,,,,,,,,,,16742,20511,,,,
VW,Jetta,,,,,,,,,,,,,,163793,160873,131109,121107,115807,90805,100453,82663,61967,38260,,,,
VW,Passat (Santana),,,,,,,,,,,,,,109652,96649,78207,73002,60722,41401,14123,22964,24396,2419,,,,
VW,Passat CC,,,,,,,,,,,,,,15672,9995,6276,3237,1355,455,58,96,2,1,,,,
VW,Routan,,,,,,,,,,,,,,2109,1103,,,,,,,,,,,,
VW,Taos,,,,,,,,,,,,,,,,,,,,,,31682,59103,,,,
VW,Tiguan,,,,,,,,,,,,,,30002,25121,35843,43638,46983,103022,109963,100705,109747,88577,,,,
VW,Touareg,,,,,,,,,,,,,,8233,6961,7037,4223,3545,2022,160,54,6,,,,,
